ParticipantID,TypingStyle,Group,FirstAOMICondition,UsedComputer?,ComputerUse_mins,EHI-Type,EHI-Answer,EHI-Score,EHI-Mean,EHI-Laterality,KVIQ-ImageryType,KVIQ-MovementType,KVIQ-Dominance,KVIQ-Score,KVIQ-VId(max=20),KVIQ-VInd(max=20),KVIQ-VI_total(max=45),KVIQ-KId(max=20),KVIQ-KInd(max=20),KVIQ-KI_total(max=45),CRT-Hand,CRT-Trial,CRT-Time(secs),CRT-Rhand,CRT_Lhand
Example,Touch,B,AOMIgen,No,0,Writing,Always right,100,87.5,Right,Visual,FSF,nd,4,15,16,35,4,4,9,Left,1,17.65,14.24333333,14.78
Example,,,,,,Throwing,Usually right,50,,,Visual,TFT,d,4,,,,,,,Left,2,13.32,,
Example,,,,,,Toothbrushing,Always right,100,,,Visual,FSF,d,3,,,,,,,Left,3,13.37,,
Example,,,,,,Spoon,Always right,100,,,Visual,TFT,nd,4,,,,,,,Right,1,16.75,,
Example,,,,,,,,,,,Visual,FTF,0,4,,,,,,,Right,2,13.09,,
Example,,,,,,,,,,,Visual,HA,d,4,,,,,,,Right,3,12.89,,
Example,,,,,,,,,,,Visual,FT,nd,4,,,,,,,,,,,
Example,,,,,,,,,,,Visual,HA,nd,4,,,,,,,,,,,
Example,,,,,,,,,,,Visual,FT,d,4,,,,,,,,,,,
Example,,,,,,,,,,,Kinesthetic,FSF,nd,1,,,,,,,,,,,
Example,,,,,,,,,,,Kinesthetic,TFT,d,1,,,,,,,,,,,
Example,,,,,,,,,,,Kinesthetic,FSF,d,1,,,,,,,,,,,
Example,,,,,,,,,,,Kinesthetic,TFT,nd,1,,,,,,,,,,,
Example,,,,,,,,,,,Kinesthetic,FTF,0,1,,,,,,,,,,,
Example,,,,,,,,,,,Kinesthetic,HA,d,1,,,,,,,,,,,
Example,,,,,,,,,,,Kinesthetic,FT,nd,1,,,,,,,,,,,
Example,,,,,,,,,,,Kinesthetic,HA,nd,1,,,,,,,,,,,
Example,,,,,,,,,,,Kinesthetic,FT,d,1,,,,,,,,,,,
1,Touch,A,AOMIspec,Yes,120,Writing,Always right,100,100,Right,Visual,FSF,nd,4,16,16,35,8,8,18,Left,1,18.72,15.94,19.81
1,Touch,A,AOMIspec,Yes,120,Throwing,Always right,100,,Right,Visual,TFT,d,4,,,,,,,Left,2,17.96,,
1,Touch,A,AOMIspec,Yes,120,Toothbrushing,Always right,100,,Right,Visual,FSF,d,4,,,,,,,Left,3,22.75,,
1,Touch,A,AOMIspec,Yes,120,Spoon,Always right,100,,Right,Visual,TFT,nd,4,,,,,,,Right,1,16.9,,
1,Touch,A,AOMIspec,Yes,120,,,,,Right,Visual,FTF,0,3,,,,,,,Right,2,15.96,,
1,Touch,A,AOMIspec,Yes,120,,,,,Right,Visual,HA,d,4,,,,,,,Right,3,14.96,,
1,Touch,A,AOMIspec,Yes,120,,,,,Right,Visual,FT,nd,4,,,,,,,,,,,
1,Touch,A,AOMIspec,Yes,120,,,,,Right,Visual,HA,nd,4,,,,,,,,,,,
1,Touch,A,AOMIspec,Yes,120,,,,,Right,Visual,FT,d,4,,,,,,,,,,,
1,Touch,A,AOMIspec,Yes,120,,,,,Right,Kinesthetic,FSF,nd,2,,,,,,,,,,,
1,Touch,A,AOMIspec,Yes,120,,,,,Right,Kinesthetic,TFT,d,2,,,,,,,,,,,
1,Touch,A,AOMIspec,Yes,120,,,,,Right,Kinesthetic,FSF,d,2,,,,,,,,,,,
1,Touch,A,AOMIspec,Yes,120,,,,,Right,Kinesthetic,TFT,nd,2,,,,,,,,,,,
1,Touch,A,AOMIspec,Yes,120,,,,,Right,Kinesthetic,FTF,0,2,,,,,,,,,,,
1,Touch,A,AOMIspec,Yes,120,,,,,Right,Kinesthetic,HA,d,2,,,,,,,,,,,
1,Touch,A,AOMIspec,Yes,120,,,,,Right,Kinesthetic,FT,nd,2,,,,,,,,,,,
1,Touch,A,AOMIspec,Yes,120,,,,,Right,Kinesthetic,HA,nd,2,,,,,,,,,,,
1,Touch,A,AOMIspec,Yes,120,,,,,Right,Kinesthetic,FT,d,2,,,,,,,,,,,
6,Touch,C,AOMIspec,Yes,180,Writing,Always right,100,100,Right,Visual,FSF,nd,4,18,17,39,12,12,27,Left,1,21.4,24.17,22.25333333
6,Touch,C,AOMIspec,Yes,180,Throwing,Always right,100,,Right,Visual,TFT,d,5,,,,,,,Left,2,22.71,,
6,Touch,C,AOMIspec,Yes,180,Toothbrushing,Always right,100,,Right,Visual,FSF,d,4,,,,,,,Left,3,22.65,,
6,Touch,C,AOMIspec,Yes,180,Spoon,Always right,100,,Right,Visual,TFT,nd,5,,,,,,,Right,1,24.25,,
6,Touch,C,AOMIspec,Yes,180,,,,,Right,Visual,FTF,0,4,,,,,,,Right,2,23.74,,
6,Touch,C,AOMIspec,Yes,180,,,,,Right,Visual,HA,d,5,,,,,,,Right,3,24.52,,
6,Touch,C,AOMIspec,Yes,180,,,,,Right,Visual,FT,nd,4,,,,,,,,,,,
6,Touch,C,AOMIspec,Yes,180,,,,,Right,Visual,HA,nd,4,,,,,,,,,,,
6,Touch,C,AOMIspec,Yes,180,,,,,Right,Visual,FT,d,4,,,,,,,,,,,
6,Touch,C,AOMIspec,Yes,180,,,,,Right,Kinesthetic,FSF,nd,3,,,,,,,,,,,
6,Touch,C,AOMIspec,Yes,180,,,,,Right,Kinesthetic,TFT,d,5,,,,,,,,,,,
6,Touch,C,AOMIspec,Yes,180,,,,,Right,Kinesthetic,FSF,d,3,,,,,,,,,,,
6,Touch,C,AOMIspec,Yes,180,,,,,Right,Kinesthetic,TFT,nd,5,,,,,,,,,,,
6,Touch,C,AOMIspec,Yes,180,,,,,Right,Kinesthetic,FTF,0,3,,,,,,,,,,,
6,Touch,C,AOMIspec,Yes,180,,,,,Right,Kinesthetic,HA,d,2,,,,,,,,,,,
6,Touch,C,AOMIspec,Yes,180,,,,,Right,Kinesthetic,FT,nd,2,,,,,,,,,,,
6,Touch,C,AOMIspec,Yes,180,,,,,Right,Kinesthetic,HA,nd,2,,,,,,,,,,,
6,Touch,C,AOMIspec,Yes,180,,,,,Right,Kinesthetic,FT,d,2,,,,,,,,,,,
10,Touch,E,AOMIspec,No,0,Writing,Always left,-100,-87.5,Left,Visual,FSF,nd,4,17,17,38,8,10,19,Left,1,22.99,20.38666667,19.06666667
10,Touch,E,AOMIspec,No,0,Throwing,Usually left,-50,,Left,Visual,TFT,d,5,,,,,,,Left,2,12.66,,
10,Touch,E,AOMIspec,No,0,Toothbrushing,Always left,-100,,Left,Visual,FSF,d,4,,,,,,,Left,3,21.55,,
10,Touch,E,AOMIspec,No,0,Spoon,Always left,-100,,Left,Visual,TFT,nd,5,,,,,,,Right,1,21.68,,
10,Touch,E,AOMIspec,No,0,,,,,Left,Visual,FTF,0,4,,,,,,,Right,2,19.61,,
10,Touch,E,AOMIspec,No,0,,,,,Left,Visual,HA,d,3,,,,,,,Right,3,19.87,,
10,Touch,E,AOMIspec,No,0,,,,,Left,Visual,FT,nd,4,,,,,,,,,,,
10,Touch,E,AOMIspec,No,0,,,,,Left,Visual,HA,nd,4,,,,,,,,,,,
10,Touch,E,AOMIspec,No,0,,,,,Left,Visual,FT,d,5,,,,,,,,,,,
10,Touch,E,AOMIspec,No,0,,,,,Left,Kinesthetic,FSF,nd,3,,,,,,,,,,,
10,Touch,E,AOMIspec,No,0,,,,,Left,Kinesthetic,TFT,d,2,,,,,,,,,,,
10,Touch,E,AOMIspec,No,0,,,,,Left,Kinesthetic,FSF,d,2,,,,,,,,,,,
10,Touch,E,AOMIspec,No,0,,,,,Left,Kinesthetic,TFT,nd,2,,,,,,,,,,,
10,Touch,E,AOMIspec,No,0,,,,,Left,Kinesthetic,FTF,0,1,,,,,,,,,,,
10,Touch,E,AOMIspec,No,0,,,,,Left,Kinesthetic,HA,d,2,,,,,,,,,,,
10,Touch,E,AOMIspec,No,0,,,,,Left,Kinesthetic,FT,nd,2,,,,,,,,,,,
10,Touch,E,AOMIspec,No,0,,,,,Left,Kinesthetic,HA,nd,3,,,,,,,,,,,
10,Touch,E,AOMIspec,No,0,,,,,Left,Kinesthetic,FT,d,2,,,,,,,,,,,
5,Touch,G,AOMIspec,No,0,Writing,Always right,100,100,Right,Visual,FSF,nd,5,19,19,42,11,12,25,Left,1,22.81,20.35,22.54
5,Touch,G,AOMIspec,No,0,Throwing,Always right,100,,Right,Visual,TFT,d,4,,,,,,,Left,2,22.78,,
5,Touch,G,AOMIspec,No,0,Toothbrushing,Always right,100,,Right,Visual,FSF,d,5,,,,,,,Left,3,22.04,,
5,Touch,G,AOMIspec,No,0,Spoon,Always right,100,,Right,Visual,TFT,nd,5,,,,,,,Right,1,23.26,,
5,Touch,G,AOMIspec,No,0,,,,,Right,Visual,FTF,0,4,,,,,,,Right,2,19.16,,
5,Touch,G,AOMIspec,No,0,,,,,Right,Visual,HA,d,5,,,,,,,Right,3,18.62,,
5,Touch,G,AOMIspec,No,0,,,,,Right,Visual,FT,nd,4,,,,,,,,,,,
5,Touch,G,AOMIspec,No,0,,,,,Right,Visual,HA,nd,5,,,,,,,,,,,
5,Touch,G,AOMIspec,No,0,,,,,Right,Visual,FT,d,5,,,,,,,,,,,
5,Touch,G,AOMIspec,No,0,,,,,Right,Kinesthetic,FSF,nd,3,,,,,,,,,,,
5,Touch,G,AOMIspec,No,0,,,,,Right,Kinesthetic,TFT,d,2,,,,,,,,,,,
5,Touch,G,AOMIspec,No,0,,,,,Right,Kinesthetic,FSF,d,3,,,,,,,,,,,
5,Touch,G,AOMIspec,No,0,,,,,Right,Kinesthetic,TFT,nd,3,,,,,,,,,,,
5,Touch,G,AOMIspec,No,0,,,,,Right,Kinesthetic,FTF,0,2,,,,,,,,,,,
5,Touch,G,AOMIspec,No,0,,,,,Right,Kinesthetic,HA,d,3,,,,,,,,,,,
5,Touch,G,AOMIspec,No,0,,,,,Right,Kinesthetic,FT,nd,3,,,,,,,,,,,
5,Touch,G,AOMIspec,No,0,,,,,Right,Kinesthetic,HA,nd,3,,,,,,,,,,,
5,Touch,G,AOMIspec,No,0,,,,,Right,Kinesthetic,FT,d,3,,,,,,,,,,,
9,Touch,B,AOMIgen,Yes,60,Writing,Always left,-100,-62.5,Left,Visual,FSF,nd,2,15,12,30,12,11,27,Left,1,12.95,17.24333333,12.46333333
9,Touch,B,AOMIgen,Yes,60,Throwing,Usually left,-50,,Left,Visual,TFT,d,4,,,,,,,Left,2,11.94,,
9,Touch,B,AOMIgen,Yes,60,Toothbrushing,Usually left,-50,,Left,Visual,FSF,d,4,,,,,,,Left,3,12.5,,
9,Touch,B,AOMIgen,Yes,60,Spoon,Usually left,-50,,Left,Visual,TFT,nd,3,,,,,,,Right,1,18.56,,
9,Touch,B,AOMIgen,Yes,60,,,,,Left,Visual,FTF,0,3,,,,,,,Right,2,16.34,,
9,Touch,B,AOMIgen,Yes,60,,,,,Left,Visual,HA,d,3,,,,,,,Right,3,16.83,,
9,Touch,B,AOMIgen,Yes,60,,,,,Left,Visual,FT,nd,4,,,,,,,,,,,
9,Touch,B,AOMIgen,Yes,60,,,,,Left,Visual,HA,nd,3,,,,,,,,,,,
9,Touch,B,AOMIgen,Yes,60,,,,,Left,Visual,FT,d,4,,,,,,,,,,,
9,Touch,B,AOMIgen,Yes,60,,,,,Left,Kinesthetic,FSF,nd,2,,,,,,,,,,,
9,Touch,B,AOMIgen,Yes,60,,,,,Left,Kinesthetic,TFT,d,4,,,,,,,,,,,
9,Touch,B,AOMIgen,Yes,60,,,,,Left,Kinesthetic,FSF,d,2,,,,,,,,,,,
9,Touch,B,AOMIgen,Yes,60,,,,,Left,Kinesthetic,TFT,nd,3,,,,,,,,,,,
9,Touch,B,AOMIgen,Yes,60,,,,,Left,Kinesthetic,FTF,0,4,,,,,,,,,,,
9,Touch,B,AOMIgen,Yes,60,,,,,Left,Kinesthetic,HA,d,3,,,,,,,,,,,
9,Touch,B,AOMIgen,Yes,60,,,,,Left,Kinesthetic,FT,nd,3,,,,,,,,,,,
9,Touch,B,AOMIgen,Yes,60,,,,,Left,Kinesthetic,HA,nd,3,,,,,,,,,,,
9,Touch,B,AOMIgen,Yes,60,,,,,Left,Kinesthetic,FT,d,3,,,,,,,,,,,
8,Touch,F,AOMIgen,No,0,Writing,Always right,100,75,Right,Visual,FSF,nd,4,14,15,33,9,8,20,Left,1,26.92,24.14,23.68
8,Touch,F,AOMIgen,No,0,Throwing,Usually right,50,,Right,Visual,TFT,d,4,,,,,,,Left,2,20.79,,
8,Touch,F,AOMIgen,No,0,Toothbrushing,Usually right,50,,Right,Visual,FSF,d,2,,,,,,,Left,3,23.33,,
8,Touch,F,AOMIgen,No,0,Spoon,Always right,100,,Right,Visual,TFT,nd,4,,,,,,,Right,1,31.22,,
8,Touch,F,AOMIgen,No,0,,,,,Right,Visual,FTF,0,4,,,,,,,Right,2,20.58,,
8,Touch,F,AOMIgen,No,0,,,,,Right,Visual,HA,d,4,,,,,,,Right,3,20.62,,
8,Touch,F,AOMIgen,No,0,,,,,Right,Visual,FT,nd,3,,,,,,,,,,,
8,Touch,F,AOMIgen,No,0,,,,,Right,Visual,HA,nd,4,,,,,,,,,,,
8,Touch,F,AOMIgen,No,0,,,,,Right,Visual,FT,d,4,,,,,,,,,,,
8,Touch,F,AOMIgen,No,0,,,,,Right,Kinesthetic,FSF,nd,2,,,,,,,,,,,
8,Touch,F,AOMIgen,No,0,,,,,Right,Kinesthetic,TFT,d,2,,,,,,,,,,,
8,Touch,F,AOMIgen,No,0,,,,,Right,Kinesthetic,FSF,d,3,,,,,,,,,,,
8,Touch,F,AOMIgen,No,0,,,,,Right,Kinesthetic,TFT,nd,2,,,,,,,,,,,
8,Touch,F,AOMIgen,No,0,,,,,Right,Kinesthetic,FTF,0,1,,,,,,,,,,,
8,Touch,F,AOMIgen,No,0,,,,,Right,Kinesthetic,HA,d,2,,,,,,,,,,,
8,Touch,F,AOMIgen,No,0,,,,,Right,Kinesthetic,FT,nd,2,,,,,,,,,,,
8,Touch,F,AOMIgen,No,0,,,,,Right,Kinesthetic,HA,nd,2,,,,,,,,,,,
8,Touch,F,AOMIgen,No,0,,,,,Right,Kinesthetic,FT,d,2,,,,,,,,,,,
12,Touch,D,AOMIgen,Yes,20,Writing,Always right,100,100,Right,Visual,FSF,nd,4,14,15,33,13,13,29,Left,1,16.35,16.84,16.67333333
12,Touch,D,AOMIgen,Yes,20,Throwing,Always right,100,,Right,Visual,TFT,d,3,,,,,,,Left,2,16.47,,
12,Touch,D,AOMIgen,Yes,20,Toothbrushing,Always right,100,,Right,Visual,FSF,d,4,,,,,,,Left,3,17.2,,
12,Touch,D,AOMIgen,Yes,20,Spoon,Always right,100,,Right,Visual,TFT,nd,3,,,,,,,Right,1,18.38,,
12,Touch,D,AOMIgen,Yes,20,,,,,Right,Visual,FTF,0,4,,,,,,,Right,2,15.53,,
12,Touch,D,AOMIgen,Yes,20,,,,,Right,Visual,HA,d,3,,,,,,,Right,3,16.61,,
12,Touch,D,AOMIgen,Yes,20,,,,,Right,Visual,FT,nd,4,,,,,,,,,,,
12,Touch,D,AOMIgen,Yes,20,,,,,Right,Visual,HA,nd,4,,,,,,,,,,,
12,Touch,D,AOMIgen,Yes,20,,,,,Right,Visual,FT,d,4,,,,,,,,,,,
12,Touch,D,AOMIgen,Yes,20,,,,,Right,Kinesthetic,FSF,nd,3,,,,,,,,,,,
12,Touch,D,AOMIgen,Yes,20,,,,,Right,Kinesthetic,TFT,d,4,,,,,,,,,,,
12,Touch,D,AOMIgen,Yes,20,,,,,Right,Kinesthetic,FSF,d,2,,,,,,,,,,,
12,Touch,D,AOMIgen,Yes,20,,,,,Right,Kinesthetic,TFT,nd,4,,,,,,,,,,,
12,Touch,D,AOMIgen,Yes,20,,,,,Right,Kinesthetic,FTF,0,3,,,,,,,,,,,
12,Touch,D,AOMIgen,Yes,20,,,,,Right,Kinesthetic,HA,d,4,,,,,,,,,,,
12,Touch,D,AOMIgen,Yes,20,,,,,Right,Kinesthetic,FT,nd,3,,,,,,,,,,,
12,Touch,D,AOMIgen,Yes,20,,,,,Right,Kinesthetic,HA,nd,3,,,,,,,,,,,
12,Touch,D,AOMIgen,Yes,20,,,,,Right,Kinesthetic,FT,d,3,,,,,,,,,,,
13,HP,E,AOMIspec,No,0,Writing,Always left,-100,-62.5,Left,Visual,FSF,nd,4,16,16,35,5,7,15,Left,1,18.36,18.14,15.70333333
13,HP,E,AOMIspec,No,0,Throwing,Usually right,50,,Left,Visual,TFT,d,4,,,,,,,Left,2,14.34,,
13,HP,E,AOMIspec,No,0,Toothbrushing,Always left,-100,,Left,Visual,FSF,d,4,,,,,,,Left,3,14.41,,
13,HP,E,AOMIspec,No,0,Spoon,Always left,-100,,Left,Visual,TFT,nd,4,,,,,,,Right,1,19.11,,
13,HP,E,AOMIspec,No,0,,,,,Left,Visual,FTF,0,3,,,,,,,Right,2,17.78,,
13,HP,E,AOMIspec,No,0,,,,,Left,Visual,HA,d,4,,,,,,,Right,3,17.53,,
13,HP,E,AOMIspec,No,0,,,,,Left,Visual,FT,nd,4,,,,,,,,,,,
13,HP,E,AOMIspec,No,0,,,,,Left,Visual,HA,nd,4,,,,,,,,,,,
13,HP,E,AOMIspec,No,0,,,,,Left,Visual,FT,d,4,,,,,,,,,,,
13,HP,E,AOMIspec,No,0,,,,,Left,Kinesthetic,FSF,nd,2,,,,,,,,,,,
13,HP,E,AOMIspec,No,0,,,,,Left,Kinesthetic,TFT,d,1,,,,,,,,,,,
13,HP,E,AOMIspec,No,0,,,,,Left,Kinesthetic,FSF,d,2,,,,,,,,,,,
13,HP,E,AOMIspec,No,0,,,,,Left,Kinesthetic,TFT,nd,2,,,,,,,,,,,
13,HP,E,AOMIspec,No,0,,,,,Left,Kinesthetic,FTF,0,3,,,,,,,,,,,
13,HP,E,AOMIspec,No,0,,,,,Left,Kinesthetic,HA,d,1,,,,,,,,,,,
13,HP,E,AOMIspec,No,0,,,,,Left,Kinesthetic,FT,nd,2,,,,,,,,,,,
13,HP,E,AOMIspec,No,0,,,,,Left,Kinesthetic,HA,nd,1,,,,,,,,,,,
13,HP,E,AOMIspec,No,0,,,,,Left,Kinesthetic,FT,d,1,,,,,,,,,,,
14,Touch,G,AOMIspec,Yes,120,Writing,Always left,-100,-25,Mixed ,Visual,FSF,nd,4,18,16,39,14,17,36,Left,1,13.93,19.80666667,13.06333333
14,Touch,G,AOMIspec,Yes,120,Throwing,Both Equally ,0,,Mixed ,Visual,TFT,d,5,,,,,,,Left,2,12.95,,
14,Touch,G,AOMIspec,Yes,120,Toothbrushing,Both Equally ,0,,Mixed ,Visual,FSF,d,5,,,,,,,Left,3,12.31,,
14,Touch,G,AOMIspec,Yes,120,Spoon,Both Equally ,0,,Mixed ,Visual,TFT,nd,4,,,,,,,Right,1,20.35,,
14,Touch,G,AOMIspec,Yes,120,,,,,Mixed ,Visual,FTF,0,5,,,,,,,Right,2,19.65,,
14,Touch,G,AOMIspec,Yes,120,,,,,Mixed ,Visual,HA,d,4,,,,,,,Right,3,19.42,,
14,Touch,G,AOMIspec,Yes,120,,,,,Mixed ,Visual,FT,nd,3,,,,,,,,,,,
14,Touch,G,AOMIspec,Yes,120,,,,,Mixed ,Visual,HA,nd,5,,,,,,,,,,,
14,Touch,G,AOMIspec,Yes,120,,,,,Mixed ,Visual,FT,d,4,,,,,,,,,,,
14,Touch,G,AOMIspec,Yes,120,,,,,Mixed ,Kinesthetic,FSF,nd,5,,,,,,,,,,,
14,Touch,G,AOMIspec,Yes,120,,,,,Mixed ,Kinesthetic,TFT,d,3,,,,,,,,,,,
14,Touch,G,AOMIspec,Yes,120,,,,,Mixed ,Kinesthetic,FSF,d,4,,,,,,,,,,,
14,Touch,G,AOMIspec,Yes,120,,,,,Mixed ,Kinesthetic,TFT,nd,3,,,,,,,,,,,
14,Touch,G,AOMIspec,Yes,120,,,,,Mixed ,Kinesthetic,FTF,0,5,,,,,,,,,,,
14,Touch,G,AOMIspec,Yes,120,,,,,Mixed ,Kinesthetic,HA,d,4,,,,,,,,,,,
14,Touch,G,AOMIspec,Yes,120,,,,,Mixed ,Kinesthetic,FT,nd,4,,,,,,,,,,,
14,Touch,G,AOMIspec,Yes,120,,,,,Mixed ,Kinesthetic,HA,nd,5,,,,,,,,,,,
14,Touch,G,AOMIspec,Yes,120,,,,,Mixed ,Kinesthetic,FT,d,3,,,,,,,,,,,
17,Touch,B,AOMIgen,Yes,15,Writing,Always right,100,100,Right,Visual,FSF,nd,3,14,11,30,15,14,34,Left,1,18.89,18.66666667,18.93333333
17,Touch,B,AOMIgen,Yes,15,Throwing,Always right,100,,Right,Visual,TFT,d,4,,,,,,,Left,2,20.34,,
17,Touch,B,AOMIgen,Yes,15,Toothbrushing,Always right,100,,Right,Visual,FSF,d,3,,,,,,,Left,3,17.57,,
17,Touch,B,AOMIgen,Yes,15,Spoon,Always right,100,,Right,Visual,TFT,nd,4,,,,,,,Right,1,18.93,,
17,Touch,B,AOMIgen,Yes,15,,,,,Right,Visual,FTF,0,5,,,,,,,Right,2,19.49,,
17,Touch,B,AOMIgen,Yes,15,,,,,Right,Visual,HA,d,4,,,,,,,Right,3,17.58,,
17,Touch,B,AOMIgen,Yes,15,,,,,Right,Visual,FT,nd,2,,,,,,,,,,,
17,Touch,B,AOMIgen,Yes,15,,,,,Right,Visual,HA,nd,2,,,,,,,,,,,
17,Touch,B,AOMIgen,Yes,15,,,,,Right,Visual,FT,d,3,,,,,,,,,,,
17,Touch,B,AOMIgen,Yes,15,,,,,Right,Kinesthetic,FSF,nd,3,,,,,,,,,,,
17,Touch,B,AOMIgen,Yes,15,,,,,Right,Kinesthetic,TFT,d,5,,,,,,,,,,,
17,Touch,B,AOMIgen,Yes,15,,,,,Right,Kinesthetic,FSF,d,4,,,,,,,,,,,
17,Touch,B,AOMIgen,Yes,15,,,,,Right,Kinesthetic,TFT,nd,5,,,,,,,,,,,
17,Touch,B,AOMIgen,Yes,15,,,,,Right,Kinesthetic,FTF,0,5,,,,,,,,,,,
17,Touch,B,AOMIgen,Yes,15,,,,,Right,Kinesthetic,HA,d,2,,,,,,,,,,,
17,Touch,B,AOMIgen,Yes,15,,,,,Right,Kinesthetic,FT,nd,3,,,,,,,,,,,
17,Touch,B,AOMIgen,Yes,15,,,,,Right,Kinesthetic,HA,nd,3,,,,,,,,,,,
17,Touch,B,AOMIgen,Yes,15,,,,,Right,Kinesthetic,FT,d,4,,,,,,,,,,,
2,Touch,H,AOMIgen,Yes,300,Writing,Always right,100,100,Right,Visual,FSF,nd,3,11,11,26,14,13,29,Left,1,20.01,16.59333333,19.9
2,Touch,H,AOMIgen,Yes,300,Throwing,Always right,100,,Right,Visual,TFT,d,3,,,,,,,Left,2,19.86,,
2,Touch,H,AOMIgen,Yes,300,Toothbrushing,Always right,100,,Right,Visual,FSF,d,3,,,,,,,Left,3,19.83,,
2,Touch,H,AOMIgen,Yes,300,Spoon,Always right,100,,Right,Visual,TFT,nd,3,,,,,,,Right,1,17.45,,
2,Touch,H,AOMIgen,Yes,300,,,,,Right,Visual,FTF,0,4,,,,,,,Right,2,14.55,,
2,Touch,H,AOMIgen,Yes,300,,,,,Right,Visual,HA,d,3,,,,,,,Right,3,17.78,,
2,Touch,H,AOMIgen,Yes,300,,,,,Right,Visual,FT,nd,2,,,,,,,,,,,
2,Touch,H,AOMIgen,Yes,300,,,,,Right,Visual,HA,nd,3,,,,,,,,,,,
2,Touch,H,AOMIgen,Yes,300,,,,,Right,Visual,FT,d,2,,,,,,,,,,,
2,Touch,H,AOMIgen,Yes,300,,,,,Right,Kinesthetic,FSF,nd,4,,,,,,,,,,,
2,Touch,H,AOMIgen,Yes,300,,,,,Right,Kinesthetic,TFT,d,3,,,,,,,,,,,
2,Touch,H,AOMIgen,Yes,300,,,,,Right,Kinesthetic,FSF,d,4,,,,,,,,,,,
2,Touch,H,AOMIgen,Yes,300,,,,,Right,Kinesthetic,TFT,nd,2,,,,,,,,,,,
2,Touch,H,AOMIgen,Yes,300,,,,,Right,Kinesthetic,FTF,0,2,,,,,,,,,,,
2,Touch,H,AOMIgen,Yes,300,,,,,Right,Kinesthetic,HA,d,3,,,,,,,,,,,
2,Touch,H,AOMIgen,Yes,300,,,,,Right,Kinesthetic,FT,nd,4,,,,,,,,,,,
2,Touch,H,AOMIgen,Yes,300,,,,,Right,Kinesthetic,HA,nd,3,,,,,,,,,,,
2,Touch,H,AOMIgen,Yes,300,,,,,Right,Kinesthetic,FT,d,4,,,,,,,,,,,
3,Touch,A,AOMIspec,Yes,75,Writing,Always right,100,100,Right,Visual,FSF,nd,4,19,19,42,15,15,33,Left,1,29.53,26.21,24.43333333
3,Touch,A,AOMIspec,Yes,75,Throwing,Always right,100,,Right,Visual,TFT,d,5,,,,,,,Left,2,21.48,,
3,Touch,A,AOMIspec,Yes,75,Toothbrushing,Always right,100,,Right,Visual,FSF,d,5,,,,,,,Left,3,22.29,,
3,Touch,A,AOMIspec,Yes,75,Spoon,Always right,100,,Right,Visual,TFT,nd,5,,,,,,,Right,1,26.13,,
3,Touch,A,AOMIspec,Yes,75,,,,,Right,Visual,FTF,0,4,,,,,,,Right,2,24.92,,
3,Touch,A,AOMIspec,Yes,75,,,,,Right,Visual,HA,d,4,,,,,,,Right,3,27.58,,
3,Touch,A,AOMIspec,Yes,75,,,,,Right,Visual,FT,nd,5,,,,,,,,,,,
3,Touch,A,AOMIspec,Yes,75,,,,,Right,Visual,HA,nd,5,,,,,,,,,,,
3,Touch,A,AOMIspec,Yes,75,,,,,Right,Visual,FT,d,5,,,,,,,,,,,
3,Touch,A,AOMIspec,Yes,75,,,,,Right,Kinesthetic,FSF,nd,3,,,,,,,,,,,
3,Touch,A,AOMIspec,Yes,75,,,,,Right,Kinesthetic,TFT,d,4,,,,,,,,,,,
3,Touch,A,AOMIspec,Yes,75,,,,,Right,Kinesthetic,FSF,d,4,,,,,,,,,,,
3,Touch,A,AOMIspec,Yes,75,,,,,Right,Kinesthetic,TFT,nd,5,,,,,,,,,,,
3,Touch,A,AOMIspec,Yes,75,,,,,Right,Kinesthetic,FTF,0,3,,,,,,,,,,,
3,Touch,A,AOMIspec,Yes,75,,,,,Right,Kinesthetic,HA,d,3,,,,,,,,,,,
3,Touch,A,AOMIspec,Yes,75,,,,,Right,Kinesthetic,FT,nd,4,,,,,,,,,,,
3,Touch,A,AOMIspec,Yes,75,,,,,Right,Kinesthetic,HA,nd,3,,,,,,,,,,,
3,Touch,A,AOMIspec,Yes,75,,,,,Right,Kinesthetic,FT,d,4,,,,,,,,,,,
21,Touch,F,AOMIgen,Yes,120,Writing,Always right,100,62.5,Right,Visual,FSF,nd,3,12,12,27,14,14,30,Left,1,13.29,15.38333333,13.9
21,Touch,F,AOMIgen,Yes,120,Throwing,Usually right,50,,Right,Visual,TFT,d,3,,,,,,,Left,2,14.08,,
21,Touch,F,AOMIgen,Yes,120,Toothbrushing,Usually right,50,,Right,Visual,FSF,d,3,,,,,,,Left,3,14.33,,
21,Touch,F,AOMIgen,Yes,120,Spoon,Usually right,50,,Right,Visual,TFT,nd,3,,,,,,,Right,1,15.63,,
21,Touch,F,AOMIgen,Yes,120,,,,,Right,Visual,FTF,0,3,,,,,,,Right,2,15.24,,
21,Touch,F,AOMIgen,Yes,120,,,,,Right,Visual,HA,d,3,,,,,,,Right,3,15.28,,
21,Touch,F,AOMIgen,Yes,120,,,,,Right,Visual,FT,nd,3,,,,,,,,,,,
21,Touch,F,AOMIgen,Yes,120,,,,,Right,Visual,HA,nd,3,,,,,,,,,,,
21,Touch,F,AOMIgen,Yes,120,,,,,Right,Visual,FT,d,3,,,,,,,,,,,
21,Touch,F,AOMIgen,Yes,120,,,,,Right,Kinesthetic,FSF,nd,4,,,,,,,,,,,
21,Touch,F,AOMIgen,Yes,120,,,,,Right,Kinesthetic,TFT,d,3,,,,,,,,,,,
21,Touch,F,AOMIgen,Yes,120,,,,,Right,Kinesthetic,FSF,d,4,,,,,,,,,,,
21,Touch,F,AOMIgen,Yes,120,,,,,Right,Kinesthetic,TFT,nd,3,,,,,,,,,,,
21,Touch,F,AOMIgen,Yes,120,,,,,Right,Kinesthetic,FTF,0,2,,,,,,,,,,,
21,Touch,F,AOMIgen,Yes,120,,,,,Right,Kinesthetic,HA,d,4,,,,,,,,,,,
21,Touch,F,AOMIgen,Yes,120,,,,,Right,Kinesthetic,FT,nd,3,,,,,,,,,,,
21,Touch,F,AOMIgen,Yes,120,,,,,Right,Kinesthetic,HA,nd,4,,,,,,,,,,,
21,Touch,F,AOMIgen,Yes,120,,,,,Right,Kinesthetic,FT,d,3,,,,,,,,,,,
7,Touch,C,AOMIspec,Yes,30,Writing,Always right,100,100,Right,Visual,FSF,nd,4,12,16,32,17,14,36,Left,1,14.07,13.27,14.60666667
7,Touch,C,AOMIspec,Yes,30,Throwing,Always right,100,,Right,Visual,TFT,d,2,,,,,,,Left,2,15.2,,
7,Touch,C,AOMIspec,Yes,30,Toothbrushing,Always right,100,,Right,Visual,FSF,d,3,,,,,,,Left,3,14.55,,
7,Touch,C,AOMIspec,Yes,30,Spoon,Always right,100,,Right,Visual,TFT,nd,4,,,,,,,Right,1,12.09,,
7,Touch,C,AOMIspec,Yes,30,,,,,Right,Visual,FTF,0,4,,,,,,,Right,2,13.92,,
7,Touch,C,AOMIspec,Yes,30,,,,,Right,Visual,HA,d,4,,,,,,,Right,3,13.8,,
7,Touch,C,AOMIspec,Yes,30,,,,,Right,Visual,FT,nd,4,,,,,,,,,,,
7,Touch,C,AOMIspec,Yes,30,,,,,Right,Visual,HA,nd,4,,,,,,,,,,,
7,Touch,C,AOMIspec,Yes,30,,,,,Right,Visual,FT,d,3,,,,,,,,,,,
7,Touch,C,AOMIspec,Yes,30,,,,,Right,Kinesthetic,FSF,nd,3,,,,,,,,,,,
7,Touch,C,AOMIspec,Yes,30,,,,,Right,Kinesthetic,TFT,d,5,,,,,,,,,,,
7,Touch,C,AOMIspec,Yes,30,,,,,Right,Kinesthetic,FSF,d,5,,,,,,,,,,,
7,Touch,C,AOMIspec,Yes,30,,,,,Right,Kinesthetic,TFT,nd,3,,,,,,,,,,,
7,Touch,C,AOMIspec,Yes,30,,,,,Right,Kinesthetic,FTF,0,5,,,,,,,,,,,
7,Touch,C,AOMIspec,Yes,30,,,,,Right,Kinesthetic,HA,d,2,,,,,,,,,,,
7,Touch,C,AOMIspec,Yes,30,,,,,Right,Kinesthetic,FT,nd,5,,,,,,,,,,,
7,Touch,C,AOMIspec,Yes,30,,,,,Right,Kinesthetic,HA,nd,3,,,,,,,,,,,
7,Touch,C,AOMIspec,Yes,30,,,,,Right,Kinesthetic,FT,d,5,,,,,,,,,,,
20,Touch,D,AOMIgen,No,0,Writing,Always right,100,87.5,Right,Visual,FSF,nd,3,9,11,24,8,9,21,Left,1,17.86,21.19333333,17.26333333
20,Touch,D,AOMIgen,No,0,Throwing,Usually right,50,,Right,Visual,TFT,d,3,,,,,,,Left,2,17.51,,
20,Touch,D,AOMIgen,No,0,Toothbrushing,Always right,100,,Right,Visual,FSF,d,2,,,,,,,Left,3,16.42,,
20,Touch,D,AOMIgen,No,0,Spoon,Always right,100,,Right,Visual,TFT,nd,3,,,,,,,Right,1,28.29,,
20,Touch,D,AOMIgen,No,0,,,,,Right,Visual,FTF,0,4,,,,,,,Right,2,18.51,,
20,Touch,D,AOMIgen,No,0,,,,,Right,Visual,HA,d,2,,,,,,,Right,3,16.78,,
20,Touch,D,AOMIgen,No,0,,,,,Right,Visual,FT,nd,3,,,,,,,,,,,
20,Touch,D,AOMIgen,No,0,,,,,Right,Visual,HA,nd,2,,,,,,,,,,,
20,Touch,D,AOMIgen,No,0,,,,,Right,Visual,FT,d,2,,,,,,,,,,,
20,Touch,D,AOMIgen,No,0,,,,,Right,Kinesthetic,FSF,nd,3,,,,,,,,,,,
20,Touch,D,AOMIgen,No,0,,,,,Right,Kinesthetic,TFT,d,4,,,,,,,,,,,
20,Touch,D,AOMIgen,No,0,,,,,Right,Kinesthetic,FSF,d,2,,,,,,,,,,,
20,Touch,D,AOMIgen,No,0,,,,,Right,Kinesthetic,TFT,nd,3,,,,,,,,,,,
20,Touch,D,AOMIgen,No,0,,,,,Right,Kinesthetic,FTF,0,4,,,,,,,,,,,
20,Touch,D,AOMIgen,No,0,,,,,Right,Kinesthetic,HA,d,2,,,,,,,,,,,
20,Touch,D,AOMIgen,No,0,,,,,Right,Kinesthetic,FT,nd,1,,,,,,,,,,,
20,Touch,D,AOMIgen,No,0,,,,,Right,Kinesthetic,HA,nd,2,,,,,,,,,,,
20,Touch,D,AOMIgen,No,0,,,,,Right,Kinesthetic,FT,d,0,,,,,,,,,,,
16,Touch,H,AOMIgen,Yes,30,Writing,Always right,100,75,Right,Visual,FSF,nd,3,17,16,37,16,14,33,Left,1,17.38,17.88666667,16.99333333
16,Touch,H,AOMIgen,Yes,30,Throwing,Usually right,50,,Right,Visual,TFT,d,4,,,,,,,Left,2,16.7,,
16,Touch,H,AOMIgen,Yes,30,Toothbrushing,Always right,100,,Right,Visual,FSF,d,3,,,,,,,Left,3,16.9,,
16,Touch,H,AOMIgen,Yes,30,Spoon,Usually right,50,,Right,Visual,TFT,nd,4,,,,,,,Right,1,20.25,,
16,Touch,H,AOMIgen,Yes,30,,,,,Right,Visual,FTF,0,4,,,,,,,Right,2,17.64,,
16,Touch,H,AOMIgen,Yes,30,,,,,Right,Visual,HA,d,5,,,,,,,Right,3,15.77,,
16,Touch,H,AOMIgen,Yes,30,,,,,Right,Visual,FT,nd,4,,,,,,,,,,,
16,Touch,H,AOMIgen,Yes,30,,,,,Right,Visual,HA,nd,5,,,,,,,,,,,
16,Touch,H,AOMIgen,Yes,30,,,,,Right,Visual,FT,d,5,,,,,,,,,,,
16,Touch,H,AOMIgen,Yes,30,,,,,Right,Kinesthetic,FSF,nd,3,,,,,,,,,,,
16,Touch,H,AOMIgen,Yes,30,,,,,Right,Kinesthetic,TFT,d,4,,,,,,,,,,,
16,Touch,H,AOMIgen,Yes,30,,,,,Right,Kinesthetic,FSF,d,4,,,,,,,,,,,
16,Touch,H,AOMIgen,Yes,30,,,,,Right,Kinesthetic,TFT,nd,3,,,,,,,,,,,
16,Touch,H,AOMIgen,Yes,30,,,,,Right,Kinesthetic,FTF,0,3,,,,,,,,,,,
16,Touch,H,AOMIgen,Yes,30,,,,,Right,Kinesthetic,HA,d,4,,,,,,,,,,,
16,Touch,H,AOMIgen,Yes,30,,,,,Right,Kinesthetic,FT,nd,4,,,,,,,,,,,
16,Touch,H,AOMIgen,Yes,30,,,,,Right,Kinesthetic,HA,nd,4,,,,,,,,,,,
16,Touch,H,AOMIgen,Yes,30,,,,,Right,Kinesthetic,FT,d,4,,,,,,,,,,,
30,Touch,D,AOMIgen,Yes,150,Writing,Always right,100,100,Right,Visual,FSF,nd,4,16,16,35,15,13,30,Left,1,28.72,20.62,23.45
30,Touch,D,AOMIgen,Yes,150,Throwing,Always right,100,,Right,Visual,TFT,d,4,,,,,,,Left,2,21.12,,
30,Touch,D,AOMIgen,Yes,150,Toothbrushing,Always right,100,,Right,Visual,FSF,d,4,,,,,,,Left,3,20.51,,
30,Touch,D,AOMIgen,Yes,150,Spoon,Always right,100,,Right,Visual,TFT,nd,4,,,,,,,Right,1,27.67,,
30,Touch,D,AOMIgen,Yes,150,,,,,Right,Visual,FTF,0,3,,,,,,,Right,2,17.49,,
30,Touch,D,AOMIgen,Yes,150,,,,,Right,Visual,HA,d,4,,,,,,,Right,3,16.7,,
30,Touch,D,AOMIgen,Yes,150,,,,,Right,Visual,FT,nd,4,,,,,,,,,,,
30,Touch,D,AOMIgen,Yes,150,,,,,Right,Visual,HA,nd,4,,,,,,,,,,,
30,Touch,D,AOMIgen,Yes,150,,,,,Right,Visual,FT,d,4,,,,,,,,,,,
30,Touch,D,AOMIgen,Yes,150,,,,,Right,Kinesthetic,FSF,nd,3,,,,,,,,,,,
30,Touch,D,AOMIgen,Yes,150,,,,,Right,Kinesthetic,TFT,d,4,,,,,,,,,,,
30,Touch,D,AOMIgen,Yes,150,,,,,Right,Kinesthetic,FSF,d,3,,,,,,,,,,,
30,Touch,D,AOMIgen,Yes,150,,,,,Right,Kinesthetic,TFT,nd,3,,,,,,,,,,,
30,Touch,D,AOMIgen,Yes,150,,,,,Right,Kinesthetic,FTF,0,2,,,,,,,,,,,
30,Touch,D,AOMIgen,Yes,150,,,,,Right,Kinesthetic,HA,d,4,,,,,,,,,,,
30,Touch,D,AOMIgen,Yes,150,,,,,Right,Kinesthetic,FT,nd,4,,,,,,,,,,,
30,Touch,D,AOMIgen,Yes,150,,,,,Right,Kinesthetic,HA,nd,3,,,,,,,,,,,
30,Touch,D,AOMIgen,Yes,150,,,,,Right,Kinesthetic,FT,d,4,,,,,,,,,,,
18,Touch,B,AOMIgen,Yes,240,Writing,Always right,100,50,Mixed ,Visual,FSF,nd,3,13,13,30,12,16,30,Left,1,17.41,14.69333333,16.68
18,Touch,B,AOMIgen,Yes,240,Throwing,Usually right,50,,Mixed ,Visual,TFT,d,5,,,,,,,Left,2,14.24,,
18,Touch,B,AOMIgen,Yes,240,Toothbrushing,Both Equally ,0,,Mixed ,Visual,FSF,d,4,,,,,,,Left,3,18.39,,
18,Touch,B,AOMIgen,Yes,240,Spoon,Usually right,50,,Mixed ,Visual,TFT,nd,3,,,,,,,Right,1,16.92,,
18,Touch,B,AOMIgen,Yes,240,,,,,Mixed ,Visual,FTF,0,4,,,,,,,Right,2,13.78,,
18,Touch,B,AOMIgen,Yes,240,,,,,Mixed ,Visual,HA,d,2,,,,,,,Right,3,13.38,,
18,Touch,B,AOMIgen,Yes,240,,,,,Mixed ,Visual,FT,nd,4,,,,,,,,,,,
18,Touch,B,AOMIgen,Yes,240,,,,,Mixed ,Visual,HA,nd,3,,,,,,,,,,,
18,Touch,B,AOMIgen,Yes,240,,,,,Mixed ,Visual,FT,d,2,,,,,,,,,,,
18,Touch,B,AOMIgen,Yes,240,,,,,Mixed ,Kinesthetic,FSF,nd,4,,,,,,,,,,,
18,Touch,B,AOMIgen,Yes,240,,,,,Mixed ,Kinesthetic,TFT,d,3,,,,,,,,,,,
18,Touch,B,AOMIgen,Yes,240,,,,,Mixed ,Kinesthetic,FSF,d,2,,,,,,,,,,,
18,Touch,B,AOMIgen,Yes,240,,,,,Mixed ,Kinesthetic,TFT,nd,5,,,,,,,,,,,
18,Touch,B,AOMIgen,Yes,240,,,,,Mixed ,Kinesthetic,FTF,0,2,,,,,,,,,,,
18,Touch,B,AOMIgen,Yes,240,,,,,Mixed ,Kinesthetic,HA,d,3,,,,,,,,,,,
18,Touch,B,AOMIgen,Yes,240,,,,,Mixed ,Kinesthetic,FT,nd,4,,,,,,,,,,,
18,Touch,B,AOMIgen,Yes,240,,,,,Mixed ,Kinesthetic,HA,nd,3,,,,,,,,,,,
18,Touch,B,AOMIgen,Yes,240,,,,,Mixed ,Kinesthetic,FT,d,4,,,,,,,,,,,
26,Touch,H,AOMIgen,Yes,120,Writing,Always right,100,75,Right,Visual,FSF,nd,3,17,16,38,20,20,45,Left,1,23.27,18.245,21.92
26,Touch,H,AOMIgen,Yes,120,Throwing,Usually right,50,,Right,Visual,TFT,d,4,,,,,,,Left,2,21.9,,
26,Touch,H,AOMIgen,Yes,120,Toothbrushing,Usually right,50,,Right,Visual,FSF,d,4,,,,,,,Left,3,20.59,,
26,Touch,H,AOMIgen,Yes,120,Spoon,Always right,100,,Right,Visual,TFT,nd,4,,,,,,,Right,1,-35.64,,
26,Touch,H,AOMIgen,Yes,120,,,,,Right,Visual,FTF,0,5,,,,,,,Right,2,18.48,,
26,Touch,H,AOMIgen,Yes,120,,,,,Right,Visual,HA,d,5,,,,,,,Right,3,18.01,,
26,Touch,H,AOMIgen,Yes,120,,,,,Right,Visual,FT,nd,4,,,,,,,,,,,
26,Touch,H,AOMIgen,Yes,120,,,,,Right,Visual,HA,nd,5,,,,,,,,,,,
26,Touch,H,AOMIgen,Yes,120,,,,,Right,Visual,FT,d,4,,,,,,,,,,,
26,Touch,H,AOMIgen,Yes,120,,,,,Right,Kinesthetic,FSF,nd,5,,,,,,,,,,,
26,Touch,H,AOMIgen,Yes,120,,,,,Right,Kinesthetic,TFT,d,5,,,,,,,,,,,
26,Touch,H,AOMIgen,Yes,120,,,,,Right,Kinesthetic,FSF,d,5,,,,,,,,,,,
26,Touch,H,AOMIgen,Yes,120,,,,,Right,Kinesthetic,TFT,nd,5,,,,,,,,,,,
26,Touch,H,AOMIgen,Yes,120,,,,,Right,Kinesthetic,FTF,0,5,,,,,,,,,,,
26,Touch,H,AOMIgen,Yes,120,,,,,Right,Kinesthetic,HA,d,5,,,,,,,,,,,
26,Touch,H,AOMIgen,Yes,120,,,,,Right,Kinesthetic,FT,nd,5,,,,,,,,,,,
26,Touch,H,AOMIgen,Yes,120,,,,,Right,Kinesthetic,HA,nd,5,,,,,,,,,,,
26,Touch,H,AOMIgen,Yes,120,,,,,Right,Kinesthetic,FT,d,5,,,,,,,,,,,
25,Touch,C,AOMIspec,Yes,300,Writing,Always right,100,75,Right,Visual,FSF,nd,3,16,13,33,11,12,26,Left,1,21.19,17.34,20.92333333
25,Touch,C,AOMIspec,Yes,300,Throwing,Usually right,50,,Right,Visual,TFT,d,3,,,,,,,Left,2,22.28,,
25,Touch,C,AOMIspec,Yes,300,Toothbrushing,Always right,100,,Right,Visual,FSF,d,4,,,,,,,Left,3,19.3,,
25,Touch,C,AOMIspec,Yes,300,Spoon,Usually right,50,,Right,Visual,TFT,nd,3,,,,,,,Right,1,20.4,,
25,Touch,C,AOMIspec,Yes,300,,,,,Right,Visual,FTF,0,4,,,,,,,Right,2,15.49,,
25,Touch,C,AOMIspec,Yes,300,,,,,Right,Visual,HA,d,5,,,,,,,Right,3,16.13,,
25,Touch,C,AOMIspec,Yes,300,,,,,Right,Visual,FT,nd,4,,,,,,,,,,,
25,Touch,C,AOMIspec,Yes,300,,,,,Right,Visual,HA,nd,3,,,,,,,,,,,
25,Touch,C,AOMIspec,Yes,300,,,,,Right,Visual,FT,d,4,,,,,,,,,,,
25,Touch,C,AOMIspec,Yes,300,,,,,Right,Kinesthetic,FSF,nd,2,,,,,,,,,,,
25,Touch,C,AOMIspec,Yes,300,,,,,Right,Kinesthetic,TFT,d,3,,,,,,,,,,,
25,Touch,C,AOMIspec,Yes,300,,,,,Right,Kinesthetic,FSF,d,2,,,,,,,,,,,
25,Touch,C,AOMIspec,Yes,300,,,,,Right,Kinesthetic,TFT,nd,2,,,,,,,,,,,
25,Touch,C,AOMIspec,Yes,300,,,,,Right,Kinesthetic,FTF,0,3,,,,,,,,,,,
25,Touch,C,AOMIspec,Yes,300,,,,,Right,Kinesthetic,HA,d,3,,,,,,,,,,,
25,Touch,C,AOMIspec,Yes,300,,,,,Right,Kinesthetic,FT,nd,4,,,,,,,,,,,
25,Touch,C,AOMIspec,Yes,300,,,,,Right,Kinesthetic,HA,nd,4,,,,,,,,,,,
25,Touch,C,AOMIspec,Yes,300,,,,,Right,Kinesthetic,FT,d,3,,,,,,,,,,,
4,Touch,A,AOMIspec,Yes,120,Writing,Always right,100,,Right,Visual,FSF,nd,2,11,9,21,4,5,10,Left,1,18.35,17.59333333,17.10666667
4,Touch,A,AOMIspec,Yes,121,Throwing,Always right,100,,Right,Visual,TFT,d,3,,,,,,,Left,2,17.27,,
4,Touch,A,AOMIspec,Yes,122,Toothbrushing,Always right,100,,Right,Visual,FSF,d,2,,,,,,,Left,3,15.7,,
4,Touch,A,AOMIspec,Yes,123,Spoon,Always right,100,,Right,Visual,TFT,nd,3,,,,,,,Right,1,17.31,,
4,Touch,A,AOMIspec,Yes,124,,,,,Right,Visual,FTF,0,1,,,,,,,Right,2,16.38,,
4,Touch,A,AOMIspec,Yes,125,,,,,Right,Visual,HA,d,4,,,,,,,Right,3,19.09,,
4,Touch,A,AOMIspec,Yes,126,,,,,Right,Visual,FT,nd,1,,,,,,,,,,,
4,Touch,A,AOMIspec,Yes,127,,,,,Right,Visual,HA,nd,3,,,,,,,,,,,
4,Touch,A,AOMIspec,Yes,128,,,,,Right,Visual,FT,d,2,,,,,,,,,,,
4,Touch,A,AOMIspec,Yes,129,,,,,Right,Kinesthetic,FSF,nd,1,,,,,,,,,,,
4,Touch,A,AOMIspec,Yes,130,,,,,Right,Kinesthetic,TFT,d,1,,,,,,,,,,,
4,Touch,A,AOMIspec,Yes,131,,,,,Right,Kinesthetic,FSF,d,1,,,,,,,,,,,
4,Touch,A,AOMIspec,Yes,132,,,,,Right,Kinesthetic,TFT,nd,1,,,,,,,,,,,
4,Touch,A,AOMIspec,Yes,133,,,,,Right,Kinesthetic,FTF,0,1,,,,,,,,,,,
4,Touch,A,AOMIspec,Yes,134,,,,,Right,Kinesthetic,HA,d,1,,,,,,,,,,,
4,Touch,A,AOMIspec,Yes,135,,,,,Right,Kinesthetic,FT,nd,2,,,,,,,,,,,
4,Touch,A,AOMIspec,Yes,136,,,,,Right,Kinesthetic,HA,nd,1,,,,,,,,,,,
4,Touch,A,AOMIspec,Yes,137,,,,,Right,Kinesthetic,FT,d,1,,,,,,,,,,,
24,Touch,E,AOMIspec,Yes,30,Writing,Always left,-100,-50,Mixed ,Visual,FSF,nd,5,19,20,43,10,9,22,Left,1,25.68,27.44,21.42666667
24,Touch,E,AOMIspec,Yes,30,Throwing,Usually left,-50,,Mixed ,Visual,TFT,d,5,,,,,,,Left,2,19.76,,
24,Touch,E,AOMIspec,Yes,30,Toothbrushing,Always left,-100,,Mixed ,Visual,FSF,d,5,,,,,,,Left,3,18.84,,
24,Touch,E,AOMIspec,Yes,30,Spoon,Usually right,50,,Mixed ,Visual,TFT,nd,5,,,,,,,Right,1,27.41,,
24,Touch,E,AOMIspec,Yes,30,,,,,Mixed ,Visual,FTF,0,4,,,,,,,Right,2,26.65,,
24,Touch,E,AOMIspec,Yes,30,,,,,Mixed ,Visual,HA,d,4,,,,,,,Right,3,28.26,,
24,Touch,E,AOMIspec,Yes,30,,,,,Mixed ,Visual,FT,nd,5,,,,,,,,,,,
24,Touch,E,AOMIspec,Yes,30,,,,,Mixed ,Visual,HA,nd,5,,,,,,,,,,,
24,Touch,E,AOMIspec,Yes,30,,,,,Mixed ,Visual,FT,d,5,,,,,,,,,,,
24,Touch,E,AOMIspec,Yes,30,,,,,Mixed ,Kinesthetic,FSF,nd,2,,,,,,,,,,,
24,Touch,E,AOMIspec,Yes,30,,,,,Mixed ,Kinesthetic,TFT,d,3,,,,,,,,,,,
24,Touch,E,AOMIspec,Yes,30,,,,,Mixed ,Kinesthetic,FSF,d,2,,,,,,,,,,,
24,Touch,E,AOMIspec,Yes,30,,,,,Mixed ,Kinesthetic,TFT,nd,2,,,,,,,,,,,
24,Touch,E,AOMIspec,Yes,30,,,,,Mixed ,Kinesthetic,FTF,0,3,,,,,,,,,,,
24,Touch,E,AOMIspec,Yes,30,,,,,Mixed ,Kinesthetic,HA,d,2,,,,,,,,,,,
24,Touch,E,AOMIspec,Yes,30,,,,,Mixed ,Kinesthetic,FT,nd,3,,,,,,,,,,,
24,Touch,E,AOMIspec,Yes,30,,,,,Mixed ,Kinesthetic,HA,nd,2,,,,,,,,,,,
24,Touch,E,AOMIspec,Yes,30,,,,,Mixed ,Kinesthetic,FT,d,3,,,,,,,,,,,
38,Touch,F,AOMIgen,No,0,Writing,Always right,100,87.5,Right,Visual,FSF,nd,4,14,16,33,7,7,16,Left,1,20.27,12.21,19.33
38,Touch,F,AOMIgen,No,0,Throwing,Usually right,50,,Right,Visual,TFT,d,3,,,,,,,Left,2,17.6,,
38,Touch,F,AOMIgen,No,0,Toothbrushing,Always right,100,,Right,Visual,FSF,d,4,,,,,,,Left,3,20.12,,
38,Touch,F,AOMIgen,No,0,Spoon,Always right,100,,Right,Visual,TFT,nd,4,,,,,,,Right,1,-36.8,,
38,Touch,F,AOMIgen,No,0,,,,,Right,Visual,FTF,0,3,,,,,,,Right,2,12.61,,
38,Touch,F,AOMIgen,No,0,,,,,Right,Visual,HA,d,3,,,,,,,Right,3,11.81,,
38,Touch,F,AOMIgen,No,0,,,,,Right,Visual,FT,nd,4,,,,,,,,,,,
38,Touch,F,AOMIgen,No,0,,,,,Right,Visual,HA,nd,4,,,,,,,,,,,
38,Touch,F,AOMIgen,No,0,,,,,Right,Visual,FT,d,4,,,,,,,,,,,
38,Touch,F,AOMIgen,No,0,,,,,Right,Kinesthetic,FSF,nd,1,,,,,,,,,,,
38,Touch,F,AOMIgen,No,0,,,,,Right,Kinesthetic,TFT,d,2,,,,,,,,,,,
38,Touch,F,AOMIgen,No,0,,,,,Right,Kinesthetic,FSF,d,1,,,,,,,,,,,
38,Touch,F,AOMIgen,No,0,,,,,Right,Kinesthetic,TFT,nd,2,,,,,,,,,,,
38,Touch,F,AOMIgen,No,0,,,,,Right,Kinesthetic,FTF,0,2,,,,,,,,,,,
38,Touch,F,AOMIgen,No,0,,,,,Right,Kinesthetic,HA,d,2,,,,,,,,,,,
38,Touch,F,AOMIgen,No,0,,,,,Right,Kinesthetic,FT,nd,2,,,,,,,,,,,
38,Touch,F,AOMIgen,No,0,,,,,Right,Kinesthetic,HA,nd,2,,,,,,,,,,,
38,Touch,F,AOMIgen,No,0,,,,,Right,Kinesthetic,FT,d,2,,,,,,,,,,,
32,Touch,G,AOMIspec,No,0,Writing,Always right,100,100,Right,Visual,FSF,nd,3,5,6,12,7,7,15,Left,1,26.54,17.48666667,21.54333333
32,Touch,G,AOMIspec,No,0,Throwing,Always right,100,,Right,Visual,TFT,d,1,,,,,,,Left,2,20.47,,
32,Touch,G,AOMIspec,No,0,Toothbrushing,Always right,100,,Right,Visual,FSF,d,1,,,,,,,Left,3,17.62,,
32,Touch,G,AOMIspec,No,0,Spoon,Always right,100,,Right,Visual,TFT,nd,1,,,,,,,Right,1,18.58,,
32,Touch,G,AOMIspec,No,0,,,,,Right,Visual,FTF,0,1,,,,,,,Right,2,17.58,,
32,Touch,G,AOMIspec,No,0,,,,,Right,Visual,HA,d,2,,,,,,,Right,3,16.3,,
32,Touch,G,AOMIspec,No,0,,,,,Right,Visual,FT,nd,1,,,,,,,,,,,
32,Touch,G,AOMIspec,No,0,,,,,Right,Visual,HA,nd,1,,,,,,,,,,,
32,Touch,G,AOMIspec,No,0,,,,,Right,Visual,FT,d,1,,,,,,,,,,,
32,Touch,G,AOMIspec,No,0,,,,,Right,Kinesthetic,FSF,nd,2,,,,,,,,,,,
32,Touch,G,AOMIspec,No,0,,,,,Right,Kinesthetic,TFT,d,1,,,,,,,,,,,
32,Touch,G,AOMIspec,No,0,,,,,Right,Kinesthetic,FSF,d,2,,,,,,,,,,,
32,Touch,G,AOMIspec,No,0,,,,,Right,Kinesthetic,TFT,nd,2,,,,,,,,,,,
32,Touch,G,AOMIspec,No,0,,,,,Right,Kinesthetic,FTF,0,1,,,,,,,,,,,
32,Touch,G,AOMIspec,No,0,,,,,Right,Kinesthetic,HA,d,2,,,,,,,,,,,
32,Touch,G,AOMIspec,No,0,,,,,Right,Kinesthetic,FT,nd,2,,,,,,,,,,,
32,Touch,G,AOMIspec,No,0,,,,,Right,Kinesthetic,HA,nd,1,,,,,,,,,,,
32,Touch,G,AOMIspec,No,0,,,,,Right,Kinesthetic,FT,d,2,,,,,,,,,,,
23,Touch,B,AOMIgen,No,0,Writing,Always right,100,100,Right,Visual,FSF,nd,3,9,9,21,8,8,17,Left,1,23.51,17.19,20.21
23,Touch,B,AOMIgen,No,0,Throwing,Always right,100,,Right,Visual,TFT,d,1,,,,,,,Left,2,18.94,,
23,Touch,B,AOMIgen,No,0,Toothbrushing,Always right,100,,Right,Visual,FSF,d,3,,,,,,,Left,3,18.18,,
23,Touch,B,AOMIgen,No,0,Spoon,Always right,100,,Right,Visual,TFT,nd,2,,,,,,,Right,1,19.03,,
23,Touch,B,AOMIgen,No,0,,,,,Right,Visual,FTF,0,3,,,,,,,Right,2,15.9,,
23,Touch,B,AOMIgen,No,0,,,,,Right,Visual,HA,d,2,,,,,,,Right,3,16.64,,
23,Touch,B,AOMIgen,No,0,,,,,Right,Visual,FT,nd,2,,,,,,,,,,,
23,Touch,B,AOMIgen,No,0,,,,,Right,Visual,HA,nd,2,,,,,,,,,,,
23,Touch,B,AOMIgen,No,0,,,,,Right,Visual,FT,d,3,,,,,,,,,,,
23,Touch,B,AOMIgen,No,0,,,,,Right,Kinesthetic,FSF,nd,2,,,,,,,,,,,
23,Touch,B,AOMIgen,No,0,,,,,Right,Kinesthetic,TFT,d,2,,,,,,,,,,,
23,Touch,B,AOMIgen,No,0,,,,,Right,Kinesthetic,FSF,d,2,,,,,,,,,,,
23,Touch,B,AOMIgen,No,0,,,,,Right,Kinesthetic,TFT,nd,2,,,,,,,,,,,
23,Touch,B,AOMIgen,No,0,,,,,Right,Kinesthetic,FTF,0,1,,,,,,,,,,,
23,Touch,B,AOMIgen,No,0,,,,,Right,Kinesthetic,HA,d,1,,,,,,,,,,,
23,Touch,B,AOMIgen,No,0,,,,,Right,Kinesthetic,FT,nd,3,,,,,,,,,,,
23,Touch,B,AOMIgen,No,0,,,,,Right,Kinesthetic,HA,nd,1,,,,,,,,,,,
23,Touch,B,AOMIgen,No,0,,,,,Right,Kinesthetic,FT,d,3,,,,,,,,,,,
36,Touch,E,AOMIspec,No,0,Writing,Always right,100,100,Right,Visual,FSF,nd,4,18,18,40,6,7,14,Left,1,17.96,13.90666667,16.15333333
36,Touch,E,AOMIspec,,,Throwing,Always right,100,,Right,Visual,TFT,d,5,,,,,,,Left,2,14.44,,
36,Touch,E,AOMIspec,,,Toothbrushing,Always right,100,,Right,Visual,FSF,d,4,,,,,,,Left,3,16.06,,
36,Touch,E,AOMIspec,,,Spoon,Always right,100,,Right,Visual,TFT,nd,5,,,,,,,Right,1,15.55,,
36,Touch,E,AOMIspec,,,,,,,Right,Visual,FTF,0,4,,,,,,,Right,2,13.24,,
36,Touch,E,AOMIspec,,,,,,,Right,Visual,HA,d,4,,,,,,,Right,3,12.93,,
36,Touch,E,AOMIspec,,,,,,,Right,Visual,FT,nd,5,,,,,,,,,,,
36,Touch,E,AOMIspec,,,,,,,Right,Visual,HA,nd,4,,,,,,,,,,,
36,Touch,E,AOMIspec,,,,,,,Right,Visual,FT,d,5,,,,,,,,,,,
36,Touch,E,AOMIspec,,,,,,,Right,Kinesthetic,FSF,nd,1,,,,,,,,,,,
36,Touch,E,AOMIspec,,,,,,,Right,Kinesthetic,TFT,d,2,,,,,,,,,,,
36,Touch,E,AOMIspec,,,,,,,Right,Kinesthetic,FSF,d,2,,,,,,,,,,,
36,Touch,E,AOMIspec,,,,,,,Right,Kinesthetic,TFT,nd,3,,,,,,,,,,,
36,Touch,E,AOMIspec,,,,,,,Right,Kinesthetic,FTF,0,1,,,,,,,,,,,
36,Touch,E,AOMIspec,,,,,,,Right,Kinesthetic,HA,d,1,,,,,,,,,,,
36,Touch,E,AOMIspec,,,,,,,Right,Kinesthetic,FT,nd,2,,,,,,,,,,,
36,Touch,E,AOMIspec,,,,,,,Right,Kinesthetic,HA,nd,1,,,,,,,,,,,
36,Touch,E,AOMIspec,,,,,,,Right,Kinesthetic,FT,d,1,,,,,,,,,,,
11,Touch,H,AOMIgen,No,0,Writing,Always right,100,100,Right,Visual,FSF,nd,4,20,15,38,15,10,28,Left,1,15.93,12.16666667,15.06
11,Touch,H,AOMIgen,No,0,Throwing,Always right,100,,Right,Visual,TFT,d,5,,,,,,,Left,2,13.62,,
11,Touch,H,AOMIgen,No,0,Toothbrushing,Always right,100,,Right,Visual,FSF,d,5,,,,,,,Left,3,15.63,,
11,Touch,H,AOMIgen,No,0,Spoon,Always right,100,,Right,Visual,TFT,nd,4,,,,,,,Right,1,11.89,,
11,Touch,H,AOMIgen,No,0,,,,,Right,Visual,FTF,0,3,,,,,,,Right,2,12.1,,
11,Touch,H,AOMIgen,No,0,,,,,Right,Visual,HA,d,5,,,,,,,Right,3,12.51,,
11,Touch,H,AOMIgen,No,0,,,,,Right,Visual,FT,nd,4,,,,,,,,,,,
11,Touch,H,AOMIgen,No,0,,,,,Right,Visual,HA,nd,3,,,,,,,,,,,
11,Touch,H,AOMIgen,No,0,,,,,Right,Visual,FT,d,5,,,,,,,,,,,
11,Touch,H,AOMIgen,No,0,,,,,Right,Kinesthetic,FSF,nd,3,,,,,,,,,,,
11,Touch,H,AOMIgen,No,0,,,,,Right,Kinesthetic,TFT,d,4,,,,,,,,,,,
11,Touch,H,AOMIgen,No,0,,,,,Right,Kinesthetic,FSF,d,4,,,,,,,,,,,
11,Touch,H,AOMIgen,No,0,,,,,Right,Kinesthetic,TFT,nd,2,,,,,,,,,,,
11,Touch,H,AOMIgen,No,0,,,,,Right,Kinesthetic,FTF,0,3,,,,,,,,,,,
11,Touch,H,AOMIgen,No,0,,,,,Right,Kinesthetic,HA,d,4,,,,,,,,,,,
11,Touch,H,AOMIgen,No,0,,,,,Right,Kinesthetic,FT,nd,3,,,,,,,,,,,
11,Touch,H,AOMIgen,No,0,,,,,Right,Kinesthetic,HA,nd,2,,,,,,,,,,,
11,Touch,H,AOMIgen,No,0,,,,,Right,Kinesthetic,FT,d,3,,,,,,,,,,,
42,Touch,C,AOMIspec,Yes,30,Writing,Always right,100,87.5,Right,Visual,FSF,nd,4,17,15,37,10,12,26,Left,1,22.39,16.94,23.1
42,Touch,C,AOMIspec,Yes,30,Throwing,Always right,100,,Right,Visual,TFT,d,5,,,,,,,Left,2,24.77,,
42,Touch,C,AOMIspec,Yes,30,Toothbrushing,Always right,100,,Right,Visual,FSF,d,4,,,,,,,Left,3,22.14,,
42,Touch,C,AOMIspec,Yes,30,Spoon,Usually right,50,,Right,Visual,TFT,nd,4,,,,,,,Right,1,-40.14,,
42,Touch,C,AOMIspec,Yes,30,,,,,Right,Visual,FTF,0,5,,,,,,,Right,2,17.27,,
42,Touch,C,AOMIspec,Yes,30,,,,,Right,Visual,HA,d,3,,,,,,,Right,3,16.61,,
42,Touch,C,AOMIspec,Yes,30,,,,,Right,Visual,FT,nd,5,,,,,,,,,,,
42,Touch,C,AOMIspec,Yes,30,,,,,Right,Visual,HA,nd,2,,,,,,,,,,,
42,Touch,C,AOMIspec,Yes,30,,,,,Right,Visual,FT,d,5,,,,,,,,,,,
42,Touch,C,AOMIspec,Yes,30,,,,,Right,Kinesthetic,FSF,nd,3,,,,,,,,,,,
42,Touch,C,AOMIspec,Yes,30,,,,,Right,Kinesthetic,TFT,d,2,,,,,,,,,,,
42,Touch,C,AOMIspec,Yes,30,,,,,Right,Kinesthetic,FSF,d,2,,,,,,,,,,,
42,Touch,C,AOMIspec,Yes,30,,,,,Right,Kinesthetic,TFT,nd,3,,,,,,,,,,,
42,Touch,C,AOMIspec,Yes,30,,,,,Right,Kinesthetic,FTF,0,4,,,,,,,,,,,
42,Touch,C,AOMIspec,Yes,30,,,,,Right,Kinesthetic,HA,d,3,,,,,,,,,,,
42,Touch,C,AOMIspec,Yes,30,,,,,Right,Kinesthetic,FT,nd,4,,,,,,,,,,,
42,Touch,C,AOMIspec,Yes,30,,,,,Right,Kinesthetic,HA,nd,2,,,,,,,,,,,
42,Touch,C,AOMIspec,Yes,30,,,,,Right,Kinesthetic,FT,d,3,,,,,,,,,,,
41,Touch,F,AOMIgen,No,0,Writing,Always left,-100,-75,Left,Visual,FSF,nd,4,17,17,37,11,12,26,Left,1,25.2,24.10666667,20.15
41,Touch,F,AOMIgen,No,0,Throwing,Usually left,-50,,Left,Visual,TFT,d,5,,,,,,,Left,2,17.3,,
41,Touch,F,AOMIgen,No,0,Toothbrushing,Always left,-100,,Left,Visual,FSF,d,4,,,,,,,Left,3,17.95,,
41,Touch,F,AOMIgen,No,0,Spoon,Usually left,-50,,Left,Visual,TFT,nd,5,,,,,,,Right,1,29.07,,
41,Touch,F,AOMIgen,No,0,,,,,Left,Visual,FTF,0,3,,,,,,,Right,2,22.58,,
41,Touch,F,AOMIgen,No,0,,,,,Left,Visual,HA,d,4,,,,,,,Right,3,20.67,,
41,Touch,F,AOMIgen,No,0,,,,,Left,Visual,FT,nd,5,,,,,,,,,,,
41,Touch,F,AOMIgen,No,0,,,,,Left,Visual,HA,nd,3,,,,,,,,,,,
41,Touch,F,AOMIgen,No,0,,,,,Left,Visual,FT,d,4,,,,,,,,,,,
41,Touch,F,AOMIgen,No,0,,,,,Left,Kinesthetic,FSF,nd,2,,,,,,,,,,,
41,Touch,F,AOMIgen,No,0,,,,,Left,Kinesthetic,TFT,d,3,,,,,,,,,,,
41,Touch,F,AOMIgen,No,0,,,,,Left,Kinesthetic,FSF,d,2,,,,,,,,,,,
41,Touch,F,AOMIgen,No,0,,,,,Left,Kinesthetic,TFT,nd,4,,,,,,,,,,,
41,Touch,F,AOMIgen,No,0,,,,,Left,Kinesthetic,FTF,0,3,,,,,,,,,,,
41,Touch,F,AOMIgen,No,0,,,,,Left,Kinesthetic,HA,d,2,,,,,,,,,,,
41,Touch,F,AOMIgen,No,0,,,,,Left,Kinesthetic,FT,nd,4,,,,,,,,,,,
41,Touch,F,AOMIgen,No,0,,,,,Left,Kinesthetic,HA,nd,2,,,,,,,,,,,
41,Touch,F,AOMIgen,No,0,,,,,Left,Kinesthetic,FT,d,4,,,,,,,,,,,
46,Touch,D,AOMIgen,Yes,60,Writing,Always right,100,75,Right,Visual,FSF,nd,4,15,14,32,16,15,34,Left,1,21.61,20.28333333,23.49666667
46,Touch,D,AOMIgen,Yes,60,Throwing,Always right,100,,Right,Visual,TFT,d,3,,,,,,,Left,2,19.3,,
46,Touch,D,AOMIgen,Yes,60,Toothbrushing,Always right,100,,Right,Visual,FSF,d,4,,,,,,,Left,3,29.58,,
46,Touch,D,AOMIgen,Yes,60,Spoon,Both Equally ,0,,Right,Visual,TFT,nd,3,,,,,,,Right,1,22.85,,
46,Touch,D,AOMIgen,Yes,60,,,,,Right,Visual,FTF,0,3,,,,,,,Right,2,19.65,,
46,Touch,D,AOMIgen,Yes,60,,,,,Right,Visual,HA,d,4,,,,,,,Right,3,18.35,,
46,Touch,D,AOMIgen,Yes,60,,,,,Right,Visual,FT,nd,4,,,,,,,,,,,
46,Touch,D,AOMIgen,Yes,60,,,,,Right,Visual,HA,nd,3,,,,,,,,,,,
46,Touch,D,AOMIgen,Yes,60,,,,,Right,Visual,FT,d,4,,,,,,,,,,,
46,Touch,D,AOMIgen,Yes,60,,,,,Right,Kinesthetic,FSF,nd,3,,,,,,,,,,,
46,Touch,D,AOMIgen,Yes,60,,,,,Right,Kinesthetic,TFT,d,4,,,,,,,,,,,
46,Touch,D,AOMIgen,Yes,60,,,,,Right,Kinesthetic,FSF,d,4,,,,,,,,,,,
46,Touch,D,AOMIgen,Yes,60,,,,,Right,Kinesthetic,TFT,nd,4,,,,,,,,,,,
46,Touch,D,AOMIgen,Yes,60,,,,,Right,Kinesthetic,FTF,0,3,,,,,,,,,,,
46,Touch,D,AOMIgen,Yes,60,,,,,Right,Kinesthetic,HA,d,4,,,,,,,,,,,
46,Touch,D,AOMIgen,Yes,60,,,,,Right,Kinesthetic,FT,nd,4,,,,,,,,,,,
46,Touch,D,AOMIgen,Yes,60,,,,,Right,Kinesthetic,HA,nd,4,,,,,,,,,,,
46,Touch,D,AOMIgen,Yes,60,,,,,Right,Kinesthetic,FT,d,4,,,,,,,,,,,
31,Touch,G,AOMIspec,Yes,120,Writing,Always left,-100,-100,Left,Visual,FSF,nd,4,14,14,31,14,15,29,Left,1,13.11,15.38,12.98333333
31,Touch,G,AOMIspec,Yes,120,Throwing,Always left,-100,,Left,Visual,TFT,d,2,,,,,,,Left,2,12.78,,
31,Touch,G,AOMIspec,Yes,120,Toothbrushing,Always left,-100,,Left,Visual,FSF,d,4,,,,,,,Left,3,13.06,,
31,Touch,G,AOMIspec,Yes,120,Spoon,Always left,-100,,Left,Visual,TFT,nd,3,,,,,,,Right,1,15.07,,
31,Touch,G,AOMIspec,Yes,120,,,,,Left,Visual,FTF,0,3,,,,,,,Right,2,16.06,,
31,Touch,G,AOMIspec,Yes,120,,,,,Left,Visual,HA,d,4,,,,,,,Right,3,15.01,,
31,Touch,G,AOMIspec,Yes,120,,,,,Left,Visual,FT,nd,3,,,,,,,,,,,
31,Touch,G,AOMIspec,Yes,120,,,,,Left,Visual,HA,nd,4,,,,,,,,,,,
31,Touch,G,AOMIspec,Yes,120,,,,,Left,Visual,FT,d,4,,,,,,,,,,,
31,Touch,G,AOMIspec,Yes,120,,,,,Left,Kinesthetic,FSF,nd,3,,,,,,,,,,,
31,Touch,G,AOMIspec,Yes,120,,,,,Left,Kinesthetic,TFT,d,2,,,,,,,,,,,
31,Touch,G,AOMIspec,Yes,120,,,,,Left,Kinesthetic,FSF,d,4,,,,,,,,,,,
31,Touch,G,AOMIspec,Yes,120,,,,,Left,Kinesthetic,TFT,nd,4,,,,,,,,,,,
31,Touch,G,AOMIspec,Yes,120,,,,,Left,Kinesthetic,FTF,0,1,,,,,,,,,,,
31,Touch,G,AOMIspec,Yes,120,,,,,Left,Kinesthetic,HA,d,4,,,,,,,,,,,
31,Touch,G,AOMIspec,Yes,120,,,,,Left,Kinesthetic,FT,nd,4,,,,,,,,,,,
31,Touch,G,AOMIspec,Yes,120,,,,,Left,Kinesthetic,HA,nd,3,,,,,,,,,,,
31,Touch,G,AOMIspec,Yes,120,,,,,Left,Kinesthetic,FT,d,4,,,,,,,,,,,
44,Touch,B,AOMIgen,Yes,30,Writing,Always right,100,87.5,Right,Visual,FSF,nd,4,9,11,23,6,8,17,Left,1,33.73,19.68,25.57666667
44,Touch,B,AOMIgen,Yes,30,Throwing,Usually right,50,,Right,Visual,TFT,d,2,,,,,,,Left,2,22.49,,
44,Touch,B,AOMIgen,Yes,30,Toothbrushing,Always right,100,,Right,Visual,FSF,d,2,,,,,,,Left,3,20.51,,
44,Touch,B,AOMIgen,Yes,30,Spoon,Always right,100,,Right,Visual,TFT,nd,2,,,,,,,Right,1,20.32,,
44,Touch,B,AOMIgen,Yes,30,,,,,Right,Visual,FTF,0,3,,,,,,,Right,2,21.7,,
44,Touch,B,AOMIgen,Yes,30,,,,,Right,Visual,HA,d,3,,,,,,,Right,3,17.02,,
44,Touch,B,AOMIgen,Yes,30,,,,,Right,Visual,FT,nd,2,,,,,,,,,,,
44,Touch,B,AOMIgen,Yes,30,,,,,Right,Visual,HA,nd,3,,,,,,,,,,,
44,Touch,B,AOMIgen,Yes,30,,,,,Right,Visual,FT,d,2,,,,,,,,,,,
44,Touch,B,AOMIgen,Yes,30,,,,,Right,Kinesthetic,FSF,nd,2,,,,,,,,,,,
44,Touch,B,AOMIgen,Yes,30,,,,,Right,Kinesthetic,TFT,d,1,,,,,,,,,,,
44,Touch,B,AOMIgen,Yes,30,,,,,Right,Kinesthetic,FSF,d,2,,,,,,,,,,,
44,Touch,B,AOMIgen,Yes,30,,,,,Right,Kinesthetic,TFT,nd,2,,,,,,,,,,,
44,Touch,B,AOMIgen,Yes,30,,,,,Right,Kinesthetic,FTF,0,3,,,,,,,,,,,
44,Touch,B,AOMIgen,Yes,30,,,,,Right,Kinesthetic,HA,d,2,,,,,,,,,,,
44,Touch,B,AOMIgen,Yes,30,,,,,Right,Kinesthetic,FT,nd,1,,,,,,,,,,,
44,Touch,B,AOMIgen,Yes,30,,,,,Right,Kinesthetic,HA,nd,3,,,,,,,,,,,
44,Touch,B,AOMIgen,Yes,30,,,,,Right,Kinesthetic,FT,d,1,,,,,,,,,,,
43,Touch,A,AOMIspec,Yes,120,Writing,Always left,-100,-100,Left,Visual,FSF,nd,5,17,18,40,12,11,27,Left,1,14.83,23.35333333,15.28
43,Touch,A,AOMIspec,Yes,120,Throwing,Always left,-100,,Left,Visual,TFT,d,4,,,,,,,Left,2,15.31,,
43,Touch,A,AOMIspec,Yes,120,Toothbrushing,Always left,-100,,Left,Visual,FSF,d,3,,,,,,,Left,3,15.7,,
43,Touch,A,AOMIspec,Yes,120,Spoon,Always left,-100,,Left,Visual,TFT,nd,3,,,,,,,Right,1,21.25,,
43,Touch,A,AOMIspec,Yes,120,,,,,Left,Visual,FTF,0,5,,,,,,,Right,2,25.57,,
43,Touch,A,AOMIspec,Yes,120,,,,,Left,Visual,HA,d,5,,,,,,,Right,3,23.24,,
43,Touch,A,AOMIspec,Yes,120,,,,,Left,Visual,FT,nd,5,,,,,,,,,,,
43,Touch,A,AOMIspec,Yes,120,,,,,Left,Visual,HA,nd,5,,,,,,,,,,,
43,Touch,A,AOMIspec,Yes,120,,,,,Left,Visual,FT,d,5,,,,,,,,,,,
43,Touch,A,AOMIspec,Yes,120,,,,,Left,Kinesthetic,FSF,nd,3,,,,,,,,,,,
43,Touch,A,AOMIspec,Yes,120,,,,,Left,Kinesthetic,TFT,d,1,,,,,,,,,,,
43,Touch,A,AOMIspec,Yes,120,,,,,Left,Kinesthetic,FSF,d,3,,,,,,,,,,,
43,Touch,A,AOMIspec,Yes,120,,,,,Left,Kinesthetic,TFT,nd,1,,,,,,,,,,,
43,Touch,A,AOMIspec,Yes,120,,,,,Left,Kinesthetic,FTF,0,4,,,,,,,,,,,
43,Touch,A,AOMIspec,Yes,120,,,,,Left,Kinesthetic,HA,d,4,,,,,,,,,,,
43,Touch,A,AOMIspec,Yes,120,,,,,Left,Kinesthetic,FT,nd,4,,,,,,,,,,,
43,Touch,A,AOMIspec,Yes,120,,,,,Left,Kinesthetic,HA,nd,3,,,,,,,,,,,
43,Touch,A,AOMIspec,Yes,120,,,,,Left,Kinesthetic,FT,d,4,,,,,,,,,,,
39,Touch,H,AOMIgen,No,0,Writing,Always right,100,75,Right,Visual,FSF,nd,1,17,9,31,8,6,17,Left,1,22.56,15.96333333,18.16
39,Touch,H,AOMIgen,No,0,Throwing,Usually right,50,,Right,Visual,TFT,d,3,,,,,,,Left,2,14.39,,
39,Touch,H,AOMIgen,No,0,Toothbrushing,Always right,100,,Right,Visual,FSF,d,4,,,,,,,Left,3,17.53,,
39,Touch,H,AOMIgen,No,0,Spoon,Usually right,50,,Right,Visual,TFT,nd,2,,,,,,,Right,1,17.75,,
39,Touch,H,AOMIgen,No,0,,,,,Right,Visual,FTF,0,5,,,,,,,Right,2,15.56,,
39,Touch,H,AOMIgen,No,0,,,,,Right,Visual,HA,d,5,,,,,,,Right,3,14.58,,
39,Touch,H,AOMIgen,No,0,,,,,Right,Visual,FT,nd,3,,,,,,,,,,,
39,Touch,H,AOMIgen,No,0,,,,,Right,Visual,HA,nd,3,,,,,,,,,,,
39,Touch,H,AOMIgen,No,0,,,,,Right,Visual,FT,d,5,,,,,,,,,,,
39,Touch,H,AOMIgen,No,0,,,,,Right,Kinesthetic,FSF,nd,2,,,,,,,,,,,
39,Touch,H,AOMIgen,No,0,,,,,Right,Kinesthetic,TFT,d,3,,,,,,,,,,,
39,Touch,H,AOMIgen,No,0,,,,,Right,Kinesthetic,FSF,d,1,,,,,,,,,,,
39,Touch,H,AOMIgen,No,0,,,,,Right,Kinesthetic,TFT,nd,2,,,,,,,,,,,
39,Touch,H,AOMIgen,No,0,,,,,Right,Kinesthetic,FTF,0,3,,,,,,,,,,,
39,Touch,H,AOMIgen,No,0,,,,,Right,Kinesthetic,HA,d,2,,,,,,,,,,,
39,Touch,H,AOMIgen,No,0,,,,,Right,Kinesthetic,FT,nd,1,,,,,,,,,,,
39,Touch,H,AOMIgen,No,0,,,,,Right,Kinesthetic,HA,nd,1,,,,,,,,,,,
39,Touch,H,AOMIgen,No,0,,,,,Right,Kinesthetic,FT,d,2,,,,,,,,,,,
29,Touch,G,AOMIspec,No,0,Writing,Always right,100,100,Right,Visual,FSF,nd,2,13,11,27,11,11,26,Left,1,13.48,14.59333333,13.52333333
29,Touch,G,AOMIspec,No,0,Throwing,Always right,100,,Right,Visual,TFT,d,3,,,,,,,Left,2,13.18,,
29,Touch,G,AOMIspec,No,0,Toothbrushing,Always right,100,,Right,Visual,FSF,d,3,,,,,,,Left,3,13.91,,
29,Touch,G,AOMIspec,No,0,Spoon,Always right,100,,Right,Visual,TFT,nd,3,,,,,,,Right,1,14.96,,
29,Touch,G,AOMIspec,No,0,,,,,Right,Visual,FTF,0,3,,,,,,,Right,2,14.61,,
29,Touch,G,AOMIspec,No,0,,,,,Right,Visual,HA,d,3,,,,,,,Right,3,14.21,,
29,Touch,G,AOMIspec,No,0,,,,,Right,Visual,FT,nd,3,,,,,,,,,,,
29,Touch,G,AOMIspec,No,0,,,,,Right,Visual,HA,nd,3,,,,,,,,,,,
29,Touch,G,AOMIspec,No,0,,,,,Right,Visual,FT,d,4,,,,,,,,,,,
29,Touch,G,AOMIspec,No,0,,,,,Right,Kinesthetic,FSF,nd,3,,,,,,,,,,,
29,Touch,G,AOMIspec,No,0,,,,,Right,Kinesthetic,TFT,d,1,,,,,,,,,,,
29,Touch,G,AOMIspec,No,0,,,,,Right,Kinesthetic,FSF,d,3,,,,,,,,,,,
29,Touch,G,AOMIspec,No,0,,,,,Right,Kinesthetic,TFT,nd,1,,,,,,,,,,,
29,Touch,G,AOMIspec,No,0,,,,,Right,Kinesthetic,FTF,0,4,,,,,,,,,,,
29,Touch,G,AOMIspec,No,0,,,,,Right,Kinesthetic,HA,d,4,,,,,,,,,,,
29,Touch,G,AOMIspec,No,0,,,,,Right,Kinesthetic,FT,nd,3,,,,,,,,,,,
29,Touch,G,AOMIspec,No,0,,,,,Right,Kinesthetic,HA,nd,4,,,,,,,,,,,
29,Touch,G,AOMIspec,No,0,,,,,Right,Kinesthetic,FT,d,3,,,,,,,,,,,
45,Touch,C,AOMIspec,Yes,60,Writing,Always right,100,100,Right,Visual,FSF,nd,3,14,13,29,10,11,24,Left,1,27.09,17.31666667,23.98
45,Touch,C,AOMIspec,Yes,60,Throwing,Always right,100,,Right,Visual,TFT,d,3,,,,,,,Left,2,19.55,,
45,Touch,C,AOMIspec,Yes,60,Toothbrushing,Always right,100,,Right,Visual,FSF,d,4,,,,,,,Left,3,25.3,,
45,Touch,C,AOMIspec,Yes,60,Spoon,Always right,100,,Right,Visual,TFT,nd,3,,,,,,,Right,1,18.55,,
45,Touch,C,AOMIspec,Yes,60,,,,,Right,Visual,FTF,0,2,,,,,,,Right,2,17.84,,
45,Touch,C,AOMIspec,Yes,60,,,,,Right,Visual,HA,d,3,,,,,,,Right,3,15.56,,
45,Touch,C,AOMIspec,Yes,60,,,,,Right,Visual,FT,nd,3,,,,,,,,,,,
45,Touch,C,AOMIspec,Yes,60,,,,,Right,Visual,HA,nd,4,,,,,,,,,,,
45,Touch,C,AOMIspec,Yes,60,,,,,Right,Visual,FT,d,4,,,,,,,,,,,
45,Touch,C,AOMIspec,Yes,60,,,,,Right,Kinesthetic,FSF,nd,2,,,,,,,,,,,
45,Touch,C,AOMIspec,Yes,60,,,,,Right,Kinesthetic,TFT,d,2,,,,,,,,,,,
45,Touch,C,AOMIspec,Yes,60,,,,,Right,Kinesthetic,FSF,d,3,,,,,,,,,,,
45,Touch,C,AOMIspec,Yes,60,,,,,Right,Kinesthetic,TFT,nd,3,,,,,,,,,,,
45,Touch,C,AOMIspec,Yes,60,,,,,Right,Kinesthetic,FTF,0,3,,,,,,,,,,,
45,Touch,C,AOMIspec,Yes,60,,,,,Right,Kinesthetic,HA,d,2,,,,,,,,,,,
45,Touch,C,AOMIspec,Yes,60,,,,,Right,Kinesthetic,FT,nd,3,,,,,,,,,,,
45,Touch,C,AOMIspec,Yes,60,,,,,Right,Kinesthetic,HA,nd,3,,,,,,,,,,,
45,Touch,C,AOMIspec,Yes,60,,,,,Right,Kinesthetic,FT,d,3,,,,,,,,,,,
33,Touch,E,AOMIspec,Yes,10,Writing,Always right,100,87.5,Right,Visual,FSF,nd,3,9,10,21,15,14,32,Left,1,24.99,19.23666667,24.38
33,Touch,E,AOMIspec,Yes,10,Throwing,Usually right,50,,Right,Visual,TFT,d,2,,,,,,,Left,2,23.47,,
33,Touch,E,AOMIspec,Yes,10,Toothbrushing,Always right,100,,Right,Visual,FSF,d,2,,,,,,,Left,3,24.68,,
33,Touch,E,AOMIspec,Yes,10,Spoon,Always right,100,,Right,Visual,TFT,nd,2,,,,,,,Right,1,18.54,,
33,Touch,E,AOMIspec,Yes,10,,,,,Right,Visual,FTF,0,2,,,,,,,Right,2,20.05,,
33,Touch,E,AOMIspec,Yes,10,,,,,Right,Visual,HA,d,3,,,,,,,Right,3,19.12,,
33,Touch,E,AOMIspec,Yes,10,,,,,Right,Visual,FT,nd,3,,,,,,,,,,,
33,Touch,E,AOMIspec,Yes,10,,,,,Right,Visual,HA,nd,2,,,,,,,,,,,
33,Touch,E,AOMIspec,Yes,10,,,,,Right,Visual,FT,d,2,,,,,,,,,,,
33,Touch,E,AOMIspec,Yes,10,,,,,Right,Kinesthetic,FSF,nd,5,,,,,,,,,,,
33,Touch,E,AOMIspec,Yes,10,,,,,Right,Kinesthetic,TFT,d,4,,,,,,,,,,,
33,Touch,E,AOMIspec,Yes,10,,,,,Right,Kinesthetic,FSF,d,5,,,,,,,,,,,
33,Touch,E,AOMIspec,Yes,10,,,,,Right,Kinesthetic,TFT,nd,4,,,,,,,,,,,
33,Touch,E,AOMIspec,Yes,10,,,,,Right,Kinesthetic,FTF,0,3,,,,,,,,,,,
33,Touch,E,AOMIspec,Yes,10,,,,,Right,Kinesthetic,HA,d,4,,,,,,,,,,,
33,Touch,E,AOMIspec,Yes,10,,,,,Right,Kinesthetic,FT,nd,3,,,,,,,,,,,
33,Touch,E,AOMIspec,Yes,10,,,,,Right,Kinesthetic,HA,nd,2,,,,,,,,,,,
33,Touch,E,AOMIspec,Yes,10,,,,,Right,Kinesthetic,FT,d,2,,,,,,,,,,,
35,Touch,E,AOMIspec,Yes,180,Writing,Always right,100,100,Right,Visual,FSF,nd,5,18,19,42,14,14,32,Left,1,15.65,15.03,16.13666667
35,Touch,E,AOMIspec,Yes,180,Throwing,Always right,100,,Right,Visual,TFT,d,4,,,,,,,Left,2,15.67,,
35,Touch,E,AOMIspec,Yes,180,Toothbrushing,Always right,100,,Right,Visual,FSF,d,5,,,,,,,Left,3,17.09,,
35,Touch,E,AOMIspec,Yes,180,Spoon,Always right,100,,Right,Visual,TFT,nd,5,,,,,,,Right,1,16.61,,
35,Touch,E,AOMIspec,Yes,180,,,,,Right,Visual,FTF,0,5,,,,,,,Right,2,14.65,,
35,Touch,E,AOMIspec,Yes,180,,,,,Right,Visual,HA,d,5,,,,,,,Right,3,13.83,,
35,Touch,E,AOMIspec,Yes,180,,,,,Right,Visual,FT,nd,4,,,,,,,,,,,
35,Touch,E,AOMIspec,Yes,180,,,,,Right,Visual,HA,nd,5,,,,,,,,,,,
35,Touch,E,AOMIspec,Yes,180,,,,,Right,Visual,FT,d,4,,,,,,,,,,,
35,Touch,E,AOMIspec,Yes,180,,,,,Right,Kinesthetic,FSF,nd,3,,,,,,,,,,,
35,Touch,E,AOMIspec,Yes,180,,,,,Right,Kinesthetic,TFT,d,3,,,,,,,,,,,
35,Touch,E,AOMIspec,Yes,180,,,,,Right,Kinesthetic,FSF,d,3,,,,,,,,,,,
35,Touch,E,AOMIspec,Yes,180,,,,,Right,Kinesthetic,TFT,nd,3,,,,,,,,,,,
35,Touch,E,AOMIspec,Yes,180,,,,,Right,Kinesthetic,FTF,0,4,,,,,,,,,,,
35,Touch,E,AOMIspec,Yes,180,,,,,Right,Kinesthetic,HA,d,4,,,,,,,,,,,
35,Touch,E,AOMIspec,Yes,180,,,,,Right,Kinesthetic,FT,nd,4,,,,,,,,,,,
35,Touch,E,AOMIspec,Yes,180,,,,,Right,Kinesthetic,HA,nd,4,,,,,,,,,,,
35,Touch,E,AOMIspec,Yes,180,,,,,Right,Kinesthetic,FT,d,4,,,,,,,,,,,
50,Touch,A,AOMIspec,Yes,180,Writing,Always right,100,75,Right,Visual,FSF,nd,3,15,12,29,8,10,21,Left,1,18.19,15.62666667,18.75333333
50,Touch,A,AOMIspec,Yes,180,Throwing,Usually right,50,,Right,Visual,TFT,d,4,,,,,,,Left,2,18.2,,
50,Touch,A,AOMIspec,Yes,180,Toothbrushing,Always right,100,,Right,Visual,FSF,d,3,,,,,,,Left,3,19.87,,
50,Touch,A,AOMIspec,Yes,180,Spoon,Usually right,50,,Right,Visual,TFT,nd,3,,,,,,,Right,1,17.05,,
50,Touch,A,AOMIspec,Yes,180,,,,,Right,Visual,FTF,0,2,,,,,,,Right,2,15.47,,
50,Touch,A,AOMIspec,Yes,180,,,,,Right,Visual,HA,d,4,,,,,,,Right,3,14.36,,
50,Touch,A,AOMIspec,Yes,180,,,,,Right,Visual,FT,nd,3,,,,,,,,,,,
50,Touch,A,AOMIspec,Yes,180,,,,,Right,Visual,HA,nd,3,,,,,,,,,,,
50,Touch,A,AOMIspec,Yes,180,,,,,Right,Visual,FT,d,4,,,,,,,,,,,
50,Touch,A,AOMIspec,Yes,180,,,,,Right,Kinesthetic,FSF,nd,3,,,,,,,,,,,
50,Touch,A,AOMIspec,Yes,180,,,,,Right,Kinesthetic,TFT,d,2,,,,,,,,,,,
50,Touch,A,AOMIspec,Yes,180,,,,,Right,Kinesthetic,FSF,d,2,,,,,,,,,,,
50,Touch,A,AOMIspec,Yes,180,,,,,Right,Kinesthetic,TFT,nd,2,,,,,,,,,,,
50,Touch,A,AOMIspec,Yes,180,,,,,Right,Kinesthetic,FTF,0,3,,,,,,,,,,,
50,Touch,A,AOMIspec,Yes,180,,,,,Right,Kinesthetic,HA,d,2,,,,,,,,,,,
50,Touch,A,AOMIspec,Yes,180,,,,,Right,Kinesthetic,FT,nd,3,,,,,,,,,,,
50,Touch,A,AOMIspec,Yes,180,,,,,Right,Kinesthetic,HA,nd,2,,,,,,,,,,,
50,Touch,A,AOMIspec,Yes,180,,,,,Right,Kinesthetic,FT,d,2,,,,,,,,,,,
51,Touch,F,AOMIgen,No,0,Writing,Always right,100,50,Mixed ,Visual,FSF,nd,4,14,15,32,14,13,30,Left,1,18.98,15.75,19.69666667
51,Touch,F,AOMIgen,No,0,Throwing,Always right,100,,Mixed ,Visual,TFT,d,3,,,,,,,Left,2,18.99,,
51,Touch,F,AOMIgen,No,0,Toothbrushing,Usually left,-50,,Mixed ,Visual,FSF,d,4,,,,,,,Left,3,21.12,,
51,Touch,F,AOMIgen,No,0,Spoon,Usually right,50,,Mixed ,Visual,TFT,nd,4,,,,,,,Right,1,15.83,,
51,Touch,F,AOMIgen,No,0,,,,,Mixed ,Visual,FTF,0,3,,,,,,,Right,2,14.89,,
51,Touch,F,AOMIgen,No,0,,,,,Mixed ,Visual,HA,d,3,,,,,,,Right,3,16.53,,
51,Touch,F,AOMIgen,No,0,,,,,Mixed ,Visual,FT,nd,4,,,,,,,,,,,
51,Touch,F,AOMIgen,No,0,,,,,Mixed ,Visual,HA,nd,3,,,,,,,,,,,
51,Touch,F,AOMIgen,No,0,,,,,Mixed ,Visual,FT,d,4,,,,,,,,,,,
51,Touch,F,AOMIgen,No,0,,,,,Mixed ,Kinesthetic,FSF,nd,3,,,,,,,,,,,
51,Touch,F,AOMIgen,No,0,,,,,Mixed ,Kinesthetic,TFT,d,3,,,,,,,,,,,
51,Touch,F,AOMIgen,No,0,,,,,Mixed ,Kinesthetic,FSF,d,4,,,,,,,,,,,
51,Touch,F,AOMIgen,No,0,,,,,Mixed ,Kinesthetic,TFT,nd,3,,,,,,,,,,,
51,Touch,F,AOMIgen,No,0,,,,,Mixed ,Kinesthetic,FTF,0,3,,,,,,,,,,,
51,Touch,F,AOMIgen,No,0,,,,,Mixed ,Kinesthetic,HA,d,4,,,,,,,,,,,
51,Touch,F,AOMIgen,No,0,,,,,Mixed ,Kinesthetic,FT,nd,3,,,,,,,,,,,
51,Touch,F,AOMIgen,No,0,,,,,Mixed ,Kinesthetic,HA,nd,4,,,,,,,,,,,
51,Touch,F,AOMIgen,No,0,,,,,Mixed ,Kinesthetic,FT,d,3,,,,,,,,,,,
52,HP,G,AOMIspec,Yes,60,Writing,Always right,100,100,Right,Visual,FSF,nd,4,12,14,28,9,10,20,Left,1,18.02,14.71666667,18.13333333
52,HP,G,AOMIspec,Yes,60,Throwing,Always right,100,,Right,Visual,TFT,d,3,,,,,,,Left,2,16.87,,
52,HP,G,AOMIspec,Yes,60,Toothbrushing,Always right,100,,Right,Visual,FSF,d,5,,,,,,,Left,3,19.51,,
52,HP,G,AOMIspec,Yes,60,Spoon,Always right,100,,Right,Visual,TFT,nd,3,,,,,,,Right,1,14.87,,
52,HP,G,AOMIspec,Yes,60,,,,,Right,Visual,FTF,0,2,,,,,,,Right,2,13.75,,
52,HP,G,AOMIspec,Yes,60,,,,,Right,Visual,HA,d,2,,,,,,,Right,3,15.53,,
52,HP,G,AOMIspec,Yes,60,,,,,Right,Visual,FT,nd,3,,,,,,,,,,,
52,HP,G,AOMIspec,Yes,60,,,,,Right,Visual,HA,nd,4,,,,,,,,,,,
52,HP,G,AOMIspec,Yes,60,,,,,Right,Visual,FT,d,2,,,,,,,,,,,
52,HP,G,AOMIspec,Yes,60,,,,,Right,Kinesthetic,FSF,nd,3,,,,,,,,,,,
52,HP,G,AOMIspec,Yes,60,,,,,Right,Kinesthetic,TFT,d,1,,,,,,,,,,,
52,HP,G,AOMIspec,Yes,60,,,,,Right,Kinesthetic,FSF,d,2,,,,,,,,,,,
52,HP,G,AOMIspec,Yes,60,,,,,Right,Kinesthetic,TFT,nd,2,,,,,,,,,,,
52,HP,G,AOMIspec,Yes,60,,,,,Right,Kinesthetic,FTF,0,1,,,,,,,,,,,
52,HP,G,AOMIspec,Yes,60,,,,,Right,Kinesthetic,HA,d,2,,,,,,,,,,,
52,HP,G,AOMIspec,Yes,60,,,,,Right,Kinesthetic,FT,nd,3,,,,,,,,,,,
52,HP,G,AOMIspec,Yes,60,,,,,Right,Kinesthetic,HA,nd,2,,,,,,,,,,,
52,HP,G,AOMIspec,Yes,60,,,,,Right,Kinesthetic,FT,d,4,,,,,,,,,,,
54,Touch,B,AOMIgen,Yes,300,Writing,Always right,100,87.5,Right,Visual,FSF,nd,4,13,16,32,8,6,16,Left,1,16.14,15.37666667,15.37333333
54,Touch,B,AOMIgen,Yes,300,Throwing,Usually right,50,,Right,Visual,TFT,d,3,,,,,,,Left,2,14.49,,
54,Touch,B,AOMIgen,Yes,300,Toothbrushing,Always right,100,,Right,Visual,FSF,d,3,,,,,,,Left,3,15.49,,
54,Touch,B,AOMIgen,Yes,300,Spoon,Always right,100,,Right,Visual,TFT,nd,4,,,,,,,Right,1,17.22,,
54,Touch,B,AOMIgen,Yes,300,,,,,Right,Visual,FTF,0,3,,,,,,,Right,2,14.99,,
54,Touch,B,AOMIgen,Yes,300,,,,,Right,Visual,HA,d,3,,,,,,,Right,3,13.92,,
54,Touch,B,AOMIgen,Yes,300,,,,,Right,Visual,FT,nd,4,,,,,,,,,,,
54,Touch,B,AOMIgen,Yes,300,,,,,Right,Visual,HA,nd,4,,,,,,,,,,,
54,Touch,B,AOMIgen,Yes,300,,,,,Right,Visual,FT,d,4,,,,,,,,,,,
54,Touch,B,AOMIgen,Yes,300,,,,,Right,Kinesthetic,FSF,nd,2,,,,,,,,,,,
54,Touch,B,AOMIgen,Yes,300,,,,,Right,Kinesthetic,TFT,d,2,,,,,,,,,,,
54,Touch,B,AOMIgen,Yes,300,,,,,Right,Kinesthetic,FSF,d,2,,,,,,,,,,,
54,Touch,B,AOMIgen,Yes,300,,,,,Right,Kinesthetic,TFT,nd,2,,,,,,,,,,,
54,Touch,B,AOMIgen,Yes,300,,,,,Right,Kinesthetic,FTF,0,2,,,,,,,,,,,
54,Touch,B,AOMIgen,Yes,300,,,,,Right,Kinesthetic,HA,d,2,,,,,,,,,,,
54,Touch,B,AOMIgen,Yes,300,,,,,Right,Kinesthetic,FT,nd,1,,,,,,,,,,,
54,Touch,B,AOMIgen,Yes,300,,,,,Right,Kinesthetic,HA,nd,1,,,,,,,,,,,
54,Touch,B,AOMIgen,Yes,300,,,,,Right,Kinesthetic,FT,d,2,,,,,,,,,,,
53,Touch,C,AOMIspec,Yes,60,Writing,Always right,100,100,Right,Visual,FSF,nd,2,12,11,27,12,13,27,Left,1,20.34,17.64666667,19.65
53,Touch,C,AOMIspec,Yes,60,Throwing,Always right,100,,Right,Visual,TFT,d,4,,,,,,,Left,2,20.08,,
53,Touch,C,AOMIspec,Yes,60,Toothbrushing,Always right,100,,Right,Visual,FSF,d,2,,,,,,,Left,3,18.53,,
53,Touch,C,AOMIspec,Yes,60,Spoon,Always right,100,,Right,Visual,TFT,nd,3,,,,,,,Right,1,17.6,,
53,Touch,C,AOMIspec,Yes,60,,,,,Right,Visual,FTF,0,4,,,,,,,Right,2,18.37,,
53,Touch,C,AOMIspec,Yes,60,,,,,Right,Visual,HA,d,3,,,,,,,Right,3,16.97,,
53,Touch,C,AOMIspec,Yes,60,,,,,Right,Visual,FT,nd,2,,,,,,,,,,,
53,Touch,C,AOMIspec,Yes,60,,,,,Right,Visual,HA,nd,4,,,,,,,,,,,
53,Touch,C,AOMIspec,Yes,60,,,,,Right,Visual,FT,d,3,,,,,,,,,,,
53,Touch,C,AOMIspec,Yes,60,,,,,Right,Kinesthetic,FSF,nd,4,,,,,,,,,,,
53,Touch,C,AOMIspec,Yes,60,,,,,Right,Kinesthetic,TFT,d,2,,,,,,,,,,,
53,Touch,C,AOMIspec,Yes,60,,,,,Right,Kinesthetic,FSF,d,3,,,,,,,,,,,
53,Touch,C,AOMIspec,Yes,60,,,,,Right,Kinesthetic,TFT,nd,2,,,,,,,,,,,
53,Touch,C,AOMIspec,Yes,60,,,,,Right,Kinesthetic,FTF,0,2,,,,,,,,,,,
53,Touch,C,AOMIspec,Yes,60,,,,,Right,Kinesthetic,HA,d,4,,,,,,,,,,,
53,Touch,C,AOMIspec,Yes,60,,,,,Right,Kinesthetic,FT,nd,3,,,,,,,,,,,
53,Touch,C,AOMIspec,Yes,60,,,,,Right,Kinesthetic,HA,nd,4,,,,,,,,,,,
53,Touch,C,AOMIspec,Yes,60,,,,,Right,Kinesthetic,FT,d,3,,,,,,,,,,,
47,Touch,F,AOMIgen,Yes,240,Writing,Always right,100,100,Right,Visual,FSF,nd,4,19,19,43,6,8,17,Left,1,26.41,19.57666667,24.40333333
47,Touch,F,AOMIgen,Yes,240,Throwing,Always right,101,,Right,Visual,TFT,d,4,,,,,,,Left,2,20.62,,
47,Touch,F,AOMIgen,Yes,240,Toothbrushing,Always right,102,,Right,Visual,FSF,d,5,,,,,,,Left,3,26.18,,
47,Touch,F,AOMIgen,Yes,240,Spoon,Always right,103,,Right,Visual,TFT,nd,5,,,,,,,Right,1,19.89,,
47,Touch,F,AOMIgen,Yes,240,,,,,Right,Visual,FTF,0,5,,,,,,,Right,2,18.76,,
47,Touch,F,AOMIgen,Yes,240,,,,,Right,Visual,HA,d,5,,,,,,,Right,3,20.08,,
47,Touch,F,AOMIgen,Yes,240,,,,,Right,Visual,FT,nd,5,,,,,,,,,,,
47,Touch,F,AOMIgen,Yes,240,,,,,Right,Visual,HA,nd,5,,,,,,,,,,,
47,Touch,F,AOMIgen,Yes,240,,,,,Right,Visual,FT,d,5,,,,,,,,,,,
47,Touch,F,AOMIgen,Yes,240,,,,,Right,Kinesthetic,FSF,nd,2,,,,,,,,,,,
47,Touch,F,AOMIgen,Yes,240,,,,,Right,Kinesthetic,TFT,d,1,,,,,,,,,,,
47,Touch,F,AOMIgen,Yes,240,,,,,Right,Kinesthetic,FSF,d,1,,,,,,,,,,,
47,Touch,F,AOMIgen,Yes,240,,,,,Right,Kinesthetic,TFT,nd,2,,,,,,,,,,,
47,Touch,F,AOMIgen,Yes,240,,,,,Right,Kinesthetic,FTF,0,3,,,,,,,,,,,
47,Touch,F,AOMIgen,Yes,240,,,,,Right,Kinesthetic,HA,d,2,,,,,,,,,,,
47,Touch,F,AOMIgen,Yes,240,,,,,Right,Kinesthetic,FT,nd,1,,,,,,,,,,,
47,Touch,F,AOMIgen,Yes,240,,,,,Right,Kinesthetic,HA,nd,3,,,,,,,,,,,
47,Touch,F,AOMIgen,Yes,240,,,,,Right,Kinesthetic,FT,d,2,,,,,,,,,,,
57,Touch,B,AOMIgen,No,0,Writing,Always right,100,75,Right,Visual,FSF,nd,4,16,15,36,11,12,28,Left,1,21.89,15.19,20.23333333
57,Touch,B,AOMIgen,No,0,Throwing,Always right,100,,Right,Visual,TFT,d,3,,,,,,,Left,2,19.06,,
57,Touch,B,AOMIgen,No,0,Toothbrushing,Always right,100,,Right,Visual,FSF,d,5,,,,,,,Left,3,19.75,,
57,Touch,B,AOMIgen,No,0,Spoon,Both,0,,Right,Visual,TFT,nd,3,,,,,,,Right,1,16.91,,
57,Touch,B,AOMIgen,No,0,,,,,Right,Visual,FTF,0,5,,,,,,,Right,2,14.56,,
57,Touch,B,AOMIgen,No,0,,,,,Right,Visual,HA,d,4,,,,,,,Right,3,14.1,,
57,Touch,B,AOMIgen,No,0,,,,,Right,Visual,FT,nd,5,,,,,,,,,,,
57,Touch,B,AOMIgen,No,0,,,,,Right,Visual,HA,nd,3,,,,,,,,,,,
57,Touch,B,AOMIgen,No,0,,,,,Right,Visual,FT,d,4,,,,,,,,,,,
57,Touch,B,AOMIgen,No,0,,,,,Right,Kinesthetic,FSF,nd,3,,,,,,,,,,,
57,Touch,B,AOMIgen,No,0,,,,,Right,Kinesthetic,TFT,d,2,,,,,,,,,,,
57,Touch,B,AOMIgen,No,0,,,,,Right,Kinesthetic,FSF,d,3,,,,,,,,,,,
57,Touch,B,AOMIgen,No,0,,,,,Right,Kinesthetic,TFT,nd,4,,,,,,,,,,,
57,Touch,B,AOMIgen,No,0,,,,,Right,Kinesthetic,FTF,0,5,,,,,,,,,,,
57,Touch,B,AOMIgen,No,0,,,,,Right,Kinesthetic,HA,d,3,,,,,,,,,,,
57,Touch,B,AOMIgen,No,0,,,,,Right,Kinesthetic,FT,nd,2,,,,,,,,,,,
57,Touch,B,AOMIgen,No,0,,,,,Right,Kinesthetic,HA,nd,3,,,,,,,,,,,
57,Touch,B,AOMIgen,No,0,,,,,Right,Kinesthetic,FT,d,3,,,,,,,,,,,
56,Touch,D,AOMIgen,Yes,60,Writing,Always right,100,86.71428571,Right,Visual,FSF,nd,4,15,12,30,11,14,28,Left,1,19.33,14.4,18.16
56,Touch,D,AOMIgen,Yes,60,Throwing,Always right,100,,Right,Visual,TFT,d,3,,,,,,,Left,2,18.2,,
56,Touch,D,AOMIgen,Yes,60,Toothbrushing,Always right,100,,Right,Visual,FSF,d,4,,,,,,,Left,3,16.95,,
56,Touch,D,AOMIgen,Yes,60,Spoon,Always right,100,,Right,Visual,TFT,nd,2,,,,,,,Right,1,14.46,,
56,Touch,D,AOMIgen,Yes,60,,,,,Right,Visual,FTF,0,3,,,,,,,Right,2,15.69,,
56,Touch,D,AOMIgen,Yes,60,,,,,Right,Visual,HA,d,4,,,,,,,Right,3,13.05,,
56,Touch,D,AOMIgen,Yes,60,,,,,Right,Visual,FT,nd,3,,,,,,,,,,,
56,Touch,D,AOMIgen,Yes,60,,,,,Right,Visual,HA,nd,3,,,,,,,,,,,
56,Touch,D,AOMIgen,Yes,60,,,,,Right,Visual,FT,d,4,,,,,,,,,,,
56,Touch,D,AOMIgen,Yes,60,,,,,Right,Kinesthetic,FSF,nd,4,,,,,,,,,,,
56,Touch,D,AOMIgen,Yes,60,,,,,Right,Kinesthetic,TFT,d,3,,,,,,,,,,,
56,Touch,D,AOMIgen,Yes,60,,,,,Right,Kinesthetic,FSF,d,4,,,,,,,,,,,
56,Touch,D,AOMIgen,Yes,60,,,,,Right,Kinesthetic,TFT,nd,4,,,,,,,,,,,
56,Touch,D,AOMIgen,Yes,60,,,,,Right,Kinesthetic,FTF,0,3,,,,,,,,,,,
56,Touch,D,AOMIgen,Yes,60,,,,,Right,Kinesthetic,HA,d,2,,,,,,,,,,,
56,Touch,D,AOMIgen,Yes,60,,,,,Right,Kinesthetic,FT,nd,2,,,,,,,,,,,
56,Touch,D,AOMIgen,Yes,60,,,,,Right,Kinesthetic,HA,nd,4,,,,,,,,,,,
56,Touch,D,AOMIgen,Yes,60,,,,,Right,Kinesthetic,FT,d,2,,,,,,,,,,,
59,Touch,H,AOMIgen,Yes,45,Writing,Always right,100,87.5,Right,Visual,FSF,nd,5,19,20,44,9,9,22,Left,1,19.01,18.70333333,18.23666667
59,Touch,H,AOMIgen,Yes,45,Throwing,Usually right,50,,Right,Visual,TFT,d,4,,,,,,,Left,2,18.73,,
59,Touch,H,AOMIgen,Yes,45,Toothbrushing,Always right,100,,Right,Visual,FSF,d,5,,,,,,,Left,3,16.97,,
59,Touch,H,AOMIgen,Yes,45,Spoon,Always right,100,,Right,Visual,TFT,nd,5,,,,,,,Right,1,18.63,,
59,Touch,H,AOMIgen,Yes,45,,,,,Right,Visual,FTF,0,5,,,,,,,Right,2,17.77,,
59,Touch,H,AOMIgen,Yes,45,,,,,Right,Visual,HA,d,5,,,,,,,Right,3,19.71,,
59,Touch,H,AOMIgen,Yes,45,,,,,Right,Visual,FT,nd,5,,,,,,,,,,,
59,Touch,H,AOMIgen,Yes,45,,,,,Right,Visual,HA,nd,5,,,,,,,,,,,
59,Touch,H,AOMIgen,Yes,45,,,,,Right,Visual,FT,d,5,,,,,,,,,,,
59,Touch,H,AOMIgen,Yes,45,,,,,Right,Kinesthetic,FSF,nd,3,,,,,,,,,,,
59,Touch,H,AOMIgen,Yes,45,,,,,Right,Kinesthetic,TFT,d,2,,,,,,,,,,,
59,Touch,H,AOMIgen,Yes,45,,,,,Right,Kinesthetic,FSF,d,3,,,,,,,,,,,
59,Touch,H,AOMIgen,Yes,45,,,,,Right,Kinesthetic,TFT,nd,2,,,,,,,,,,,
59,Touch,H,AOMIgen,Yes,45,,,,,Right,Kinesthetic,FTF,0,4,,,,,,,,,,,
59,Touch,H,AOMIgen,Yes,45,,,,,Right,Kinesthetic,HA,d,2,,,,,,,,,,,
59,Touch,H,AOMIgen,Yes,45,,,,,Right,Kinesthetic,FT,nd,2,,,,,,,,,,,
59,Touch,H,AOMIgen,Yes,45,,,,,Right,Kinesthetic,HA,nd,2,,,,,,,,,,,
59,Touch,H,AOMIgen,Yes,45,,,,,Right,Kinesthetic,FT,d,2,,,,,,,,,,,
58,Touch,G,AOMIspec,Yes,60,Writing,Always right,100,100,Right,Visual,FSF,nd,4,16,16,36,16,16,36,Left,1,11.67,13.69666667,11.26
58,Touch,G,AOMIspec,Yes,60,Throwing,Always right,100,,Right,Visual,TFT,d,4,,,,,,,Left,2,10.81,,
58,Touch,G,AOMIspec,Yes,60,Toothbrushing,Always right,100,,Right,Visual,FSF,d,4,,,,,,,Left,3,11.3,,
58,Touch,G,AOMIspec,Yes,60,Spoon,Always right,100,,Right,Visual,TFT,nd,4,,,,,,,Right,1,15.11,,
58,Touch,G,AOMIspec,Yes,60,,,,,Right,Visual,FTF,0,4,,,,,,,Right,2,13.08,,
58,Touch,G,AOMIspec,Yes,60,,,,,Right,Visual,HA,d,4,,,,,,,Right,3,12.9,,
58,Touch,G,AOMIspec,Yes,60,,,,,Right,Visual,FT,nd,4,,,,,,,,,,,
58,Touch,G,AOMIspec,Yes,60,,,,,Right,Visual,HA,nd,4,,,,,,,,,,,
58,Touch,G,AOMIspec,Yes,60,,,,,Right,Visual,FT,d,4,,,,,,,,,,,
58,Touch,G,AOMIspec,Yes,60,,,,,Right,Kinesthetic,FSF,nd,4,,,,,,,,,,,
58,Touch,G,AOMIspec,Yes,60,,,,,Right,Kinesthetic,TFT,d,4,,,,,,,,,,,
58,Touch,G,AOMIspec,Yes,60,,,,,Right,Kinesthetic,FSF,d,4,,,,,,,,,,,
58,Touch,G,AOMIspec,Yes,60,,,,,Right,Kinesthetic,TFT,nd,4,,,,,,,,,,,
58,Touch,G,AOMIspec,Yes,60,,,,,Right,Kinesthetic,FTF,0,4,,,,,,,,,,,
58,Touch,G,AOMIspec,Yes,60,,,,,Right,Kinesthetic,HA,d,4,,,,,,,,,,,
58,Touch,G,AOMIspec,Yes,60,,,,,Right,Kinesthetic,FT,nd,4,,,,,,,,,,,
58,Touch,G,AOMIspec,Yes,60,,,,,Right,Kinesthetic,HA,nd,4,,,,,,,,,,,
58,Touch,G,AOMIspec,Yes,60,,,,,Right,Kinesthetic,FT,d,4,,,,,,,,,,,
27,Touch,E,AOMIspec,Yes,120,Writing,Always right,100,100,Right,Visual,FSF,nd,4,16,16,36,NA,NA,NA,Left,1,NA,NA,NA
27,Touch,E,AOMIspec,Yes,120,Throwing,Always right,101,,Right,Visual,TFT,d,4,,,,,,,Left,2,NA,,
27,Touch,E,AOMIspec,Yes,120,Toothbrushing,Always right,102,,Right,Visual,FSF,d,4,,,,,,,Left,3,NA,,
27,Touch,E,AOMIspec,Yes,120,Spoon,Always right,103,,Right,Visual,TFT,nd,4,,,,,,,Right,1,NA,,
27,Touch,E,AOMIspec,Yes,120,,,,,Right,Visual,FTF,0,4,,,,,,,Right,2,NA,,
27,Touch,E,AOMIspec,Yes,120,,,,,Right,Visual,HA,d,4,,,,,,,Right,3,NA,,
27,Touch,E,AOMIspec,Yes,120,,,,,Right,Visual,FT,nd,4,,,,,,,,,,,
27,Touch,E,AOMIspec,Yes,120,,,,,Right,Visual,HA,nd,4,,,,,,,,,,,
27,Touch,E,AOMIspec,Yes,120,,,,,Right,Visual,FT,d,4,,,,,,,,,,,
27,Touch,E,AOMIspec,Yes,120,,,,,Right,Kinesthetic,FSF,nd,3,,,,,,,,,,,
27,Touch,E,AOMIspec,Yes,120,,,,,Right,Kinesthetic,TFT,d,,,,,,,,,,,,
27,Touch,E,AOMIspec,Yes,120,,,,,Right,Kinesthetic,FSF,d,,,,,,,,,,,,
27,Touch,E,AOMIspec,Yes,120,,,,,Right,Kinesthetic,TFT,nd,,,,,,,,,,,,
27,Touch,E,AOMIspec,Yes,120,,,,,Right,Kinesthetic,FTF,0,,,,,,,,,,,,
27,Touch,E,AOMIspec,Yes,120,,,,,Right,Kinesthetic,HA,d,,,,,,,,,,,,
27,Touch,E,AOMIspec,Yes,120,,,,,Right,Kinesthetic,FT,nd,,,,,,,,,,,,
27,Touch,E,AOMIspec,Yes,120,,,,,Right,Kinesthetic,HA,nd,,,,,,,,,,,,
27,Touch,E,AOMIspec,Yes,120,,,,,Right,Kinesthetic,FT,d,,,,,,,,,,,,
62,Touch,E,AOMIspec,Yes,90,Writing,Always right,100,87.5,Right,Visual,FSF,nd,3,15,14,33,10,10,22,Left,1,13.37,13.50666667,14.69666667
62,Touch,E,AOMIspec,Yes,90,Throwing,Always right,100,,Right,Visual,TFT,d,4,,,,,,,Left,2,16.63,,
62,Touch,E,AOMIspec,Yes,90,Toothbrushing,Always right,100,,Right,Visual,FSF,d,3,,,,,,,Left,3,14.09,,
62,Touch,E,AOMIspec,Yes,90,Spoon,Usually right,50,,Right,Visual,TFT,nd,3,,,,,,,Right,1,14.83,,
62,Touch,E,AOMIspec,Yes,90,,,,,Right,Visual,FTF,0,4,,,,,,,Right,2,12.83,,
62,Touch,E,AOMIspec,Yes,90,,,,,Right,Visual,HA,d,4,,,,,,,Right,3,12.86,,
62,Touch,E,AOMIspec,Yes,90,,,,,Right,Visual,FT,nd,4,,,,,,,,,,,
62,Touch,E,AOMIspec,Yes,90,,,,,Right,Visual,HA,nd,4,,,,,,,,,,,
62,Touch,E,AOMIspec,Yes,90,,,,,Right,Visual,FT,d,4,,,,,,,,,,,
62,Touch,E,AOMIspec,Yes,90,,,,,Right,Kinesthetic,FSF,nd,3,,,,,,,,,,,
62,Touch,E,AOMIspec,Yes,90,,,,,Right,Kinesthetic,TFT,d,2,,,,,,,,,,,
62,Touch,E,AOMIspec,Yes,90,,,,,Right,Kinesthetic,FSF,d,3,,,,,,,,,,,
62,Touch,E,AOMIspec,Yes,90,,,,,Right,Kinesthetic,TFT,nd,3,,,,,,,,,,,
62,Touch,E,AOMIspec,Yes,90,,,,,Right,Kinesthetic,FTF,0,2,,,,,,,,,,,
62,Touch,E,AOMIspec,Yes,90,,,,,Right,Kinesthetic,HA,d,3,,,,,,,,,,,
62,Touch,E,AOMIspec,Yes,90,,,,,Right,Kinesthetic,FT,nd,2,,,,,,,,,,,
62,Touch,E,AOMIspec,Yes,90,,,,,Right,Kinesthetic,HA,nd,2,,,,,,,,,,,
62,Touch,E,AOMIspec,Yes,90,,,,,Right,Kinesthetic,FT,d,2,,,,,,,,,,,
55,Touch,D,AOMIgen,Yes,360,Writing,Always right,100,75,Right,Visual,FSF,nd,3,18,18,39,10,10,23,Left,1,24.23,20.27333333,23.10333333
55,Touch,D,AOMIgen,Yes,360,Throwing,Usually right,50,,Right,Visual,TFT,d,5,,,,,,,Left,2,20.99,,
55,Touch,D,AOMIgen,Yes,360,Toothbrushing,Always right,100,,Right,Visual,FSF,d,3,,,,,,,Left,3,24.09,,
55,Touch,D,AOMIgen,Yes,360,Spoon,Usually right,50,,Right,Visual,TFT,nd,5,,,,,,,Right,1,24.35,,
55,Touch,D,AOMIgen,Yes,360,,,,,Right,Visual,FTF,0,3,,,,,,,Right,2,17.27,,
55,Touch,D,AOMIgen,Yes,360,,,,,Right,Visual,HA,d,5,,,,,,,Right,3,19.2,,
55,Touch,D,AOMIgen,Yes,360,,,,,Right,Visual,FT,nd,5,,,,,,,,,,,
55,Touch,D,AOMIgen,Yes,360,,,,,Right,Visual,HA,nd,5,,,,,,,,,,,
55,Touch,D,AOMIgen,Yes,360,,,,,Right,Visual,FT,d,5,,,,,,,,,,,
55,Touch,D,AOMIgen,Yes,360,,,,,Right,Kinesthetic,FSF,nd,3,,,,,,,,,,,
55,Touch,D,AOMIgen,Yes,360,,,,,Right,Kinesthetic,TFT,d,2,,,,,,,,,,,
55,Touch,D,AOMIgen,Yes,360,,,,,Right,Kinesthetic,FSF,d,3,,,,,,,,,,,
55,Touch,D,AOMIgen,Yes,360,,,,,Right,Kinesthetic,TFT,nd,2,,,,,,,,,,,
55,Touch,D,AOMIgen,Yes,360,,,,,Right,Kinesthetic,FTF,0,3,,,,,,,,,,,
55,Touch,D,AOMIgen,Yes,360,,,,,Right,Kinesthetic,HA,d,3,,,,,,,,,,,
55,Touch,D,AOMIgen,Yes,360,,,,,Right,Kinesthetic,FT,nd,2,,,,,,,,,,,
55,Touch,D,AOMIgen,Yes,360,,,,,Right,Kinesthetic,HA,nd,3,,,,,,,,,,,
55,Touch,D,AOMIgen,Yes,360,,,,,Right,Kinesthetic,FT,d,2,,,,,,,,,,,
63,Touch,F,AOMIgen,Yes,180,Writing,Always right,100,62.5,Mixed ,Visual,FSF,nd,4,18,19,42,9,9,20,Left,1,17.48,16.11666667,17.43666667
63,Touch,F,AOMIgen,Yes,180,Throwing,Usually right,50,,Mixed ,Visual,TFT,d,4,,,,,,,Left,2,18.68,,
63,Touch,F,AOMIgen,Yes,180,Toothbrushing,Both equally ,0,,Mixed ,Visual,FSF,d,4,,,,,,,Left,3,16.15,,
63,Touch,F,AOMIgen,Yes,180,Spoon,Always right,100,,Mixed ,Visual,TFT,nd,5,,,,,,,Right,1,16.02,,
63,Touch,F,AOMIgen,Yes,180,,,,,Mixed ,Visual,FTF,0,5,,,,,,,Right,2,16.24,,
63,Touch,F,AOMIgen,Yes,180,,,,,Mixed ,Visual,HA,d,5,,,,,,,Right,3,16.09,,
63,Touch,F,AOMIgen,Yes,180,,,,,Mixed ,Visual,FT,nd,5,,,,,,,,,,,
63,Touch,F,AOMIgen,Yes,180,,,,,Mixed ,Visual,HA,nd,5,,,,,,,,,,,
63,Touch,F,AOMIgen,Yes,180,,,,,Mixed ,Visual,FT,d,5,,,,,,,,,,,
63,Touch,F,AOMIgen,Yes,180,,,,,Mixed ,Kinesthetic,FSF,nd,2,,,,,,,,,,,
63,Touch,F,AOMIgen,Yes,180,,,,,Mixed ,Kinesthetic,TFT,d,3,,,,,,,,,,,
63,Touch,F,AOMIgen,Yes,180,,,,,Mixed ,Kinesthetic,FSF,d,2,,,,,,,,,,,
63,Touch,F,AOMIgen,Yes,180,,,,,Mixed ,Kinesthetic,TFT,nd,3,,,,,,,,,,,
63,Touch,F,AOMIgen,Yes,180,,,,,Mixed ,Kinesthetic,FTF,0,2,,,,,,,,,,,
63,Touch,F,AOMIgen,Yes,180,,,,,Mixed ,Kinesthetic,HA,d,2,,,,,,,,,,,
63,Touch,F,AOMIgen,Yes,180,,,,,Mixed ,Kinesthetic,FT,nd,2,,,,,,,,,,,
63,Touch,F,AOMIgen,Yes,180,,,,,Mixed ,Kinesthetic,HA,nd,2,,,,,,,,,,,
63,Touch,F,AOMIgen,Yes,180,,,,,Mixed ,Kinesthetic,FT,d,2,,,,,,,,,,,
64,HP,C,AOMIspec,Yes,60,Writing,Always right,100,100,Right,Visual,FSF,nd,4,17,13,33,17,13,34,Left,1,13.36,14.36,16.40666667
64,HP,C,AOMIspec,Yes,60,Throwing,Always right,100,,Right,Visual,TFT,d,3,,,,,,,Left,2,19.85,,
64,HP,C,AOMIspec,Yes,60,Toothbrushing,Always right,100,,Right,Visual,FSF,d,4,,,,,,,Left,3,16.01,,
64,HP,C,AOMIspec,Yes,60,Spoon,Always right,100,,Right,Visual,TFT,nd,2,,,,,,,Right,1,14.82,,
64,HP,C,AOMIspec,Yes,60,,,,,Right,Visual,FTF,0,3,,,,,,,Right,2,15.32,,
64,HP,C,AOMIspec,Yes,60,,,,,Right,Visual,HA,d,5,,,,,,,Right,3,12.94,,
64,HP,C,AOMIspec,Yes,60,,,,,Right,Visual,FT,nd,5,,,,,,,,,,,
64,HP,C,AOMIspec,Yes,60,,,,,Right,Visual,HA,nd,2,,,,,,,,,,,
64,HP,C,AOMIspec,Yes,60,,,,,Right,Visual,FT,d,5,,,,,,,,,,,
64,HP,C,AOMIspec,Yes,60,,,,,Right,Kinesthetic,FSF,nd,2,,,,,,,,,,,
64,HP,C,AOMIspec,Yes,60,,,,,Right,Kinesthetic,TFT,d,5,,,,,,,,,,,
64,HP,C,AOMIspec,Yes,60,,,,,Right,Kinesthetic,FSF,d,5,,,,,,,,,,,
64,HP,C,AOMIspec,Yes,60,,,,,Right,Kinesthetic,TFT,nd,2,,,,,,,,,,,
64,HP,C,AOMIspec,Yes,60,,,,,Right,Kinesthetic,FTF,0,4,,,,,,,,,,,
64,HP,C,AOMIspec,Yes,60,,,,,Right,Kinesthetic,HA,d,2,,,,,,,,,,,
64,HP,C,AOMIspec,Yes,60,,,,,Right,Kinesthetic,FT,nd,5,,,,,,,,,,,
64,HP,C,AOMIspec,Yes,60,,,,,Right,Kinesthetic,HA,nd,4,,,,,,,,,,,
64,HP,C,AOMIspec,Yes,60,,,,,Right,Kinesthetic,FT,d,5,,,,,,,,,,,
48,Touch,F,AOMIgen,No,0,Writing,Always right,100,62.5,Right,Visual,FSF,nd,4,13,15,31,16,16,36,Left,1,19.09,17.03333333,17.11666667
48,Touch,F,AOMIgen,No,0,Throwing,Usually right,50,,Right,Visual,TFT,d,3,,,,,,,Left,2,15.99,,
48,Touch,F,AOMIgen,No,0,Toothbrushing,Always right,100,,Right,Visual,FSF,d,3,,,,,,,Left,3,16.27,,
48,Touch,F,AOMIgen,No,0,Spoon,Both equally ,0,,Right,Visual,TFT,nd,3,,,,,,,Right,1,15.87,,
48,Touch,F,AOMIgen,No,0,,,,,Right,Visual,FTF,0,3,,,,,,,Right,2,17.23,,
48,Touch,F,AOMIgen,No,0,,,,,Right,Visual,HA,d,3,,,,,,,Right,3,18,,
48,Touch,F,AOMIgen,No,0,,,,,Right,Visual,FT,nd,4,,,,,,,,,,,
48,Touch,F,AOMIgen,No,0,,,,,Right,Visual,HA,nd,4,,,,,,,,,,,
48,Touch,F,AOMIgen,No,0,,,,,Right,Visual,FT,d,4,,,,,,,,,,,
48,Touch,F,AOMIgen,No,0,,,,,Right,Kinesthetic,FSF,nd,4,,,,,,,,,,,
48,Touch,F,AOMIgen,No,0,,,,,Right,Kinesthetic,TFT,d,4,,,,,,,,,,,
48,Touch,F,AOMIgen,No,0,,,,,Right,Kinesthetic,FSF,d,4,,,,,,,,,,,
48,Touch,F,AOMIgen,No,0,,,,,Right,Kinesthetic,TFT,nd,4,,,,,,,,,,,
48,Touch,F,AOMIgen,No,0,,,,,Right,Kinesthetic,FTF,0,4,,,,,,,,,,,
48,Touch,F,AOMIgen,No,0,,,,,Right,Kinesthetic,HA,d,4,,,,,,,,,,,
48,Touch,F,AOMIgen,No,0,,,,,Right,Kinesthetic,FT,nd,4,,,,,,,,,,,
48,Touch,F,AOMIgen,No,0,,,,,Right,Kinesthetic,HA,nd,4,,,,,,,,,,,
48,Touch,F,AOMIgen,No,0,,,,,Right,Kinesthetic,FT,d,4,,,,,,,,,,,
65,Touch,B,AOMIgen,Yes,60,Writing,Always right,100,87.5,Right,Visual,FSF,nd,5,17,19,40,18,17,40,Left,1,18.53,16.42666667,21.67333333
65,Touch,B,AOMIgen,Yes,60,Throwing,Usually right,50,,Right,Visual,TFT,d,4,,,,,,,Left,2,20.24,,
65,Touch,B,AOMIgen,Yes,60,Toothbrushing,Always right,100,,Right,Visual,FSF,d,5,,,,,,,Left,3,26.25,,
65,Touch,B,AOMIgen,Yes,60,Spoon,Always right,100,,Right,Visual,TFT,nd,5,,,,,,,Right,1,19.17,,
65,Touch,B,AOMIgen,Yes,60,,,,,Right,Visual,FTF,0,4,,,,,,,Right,2,15.54,,
65,Touch,B,AOMIgen,Yes,60,,,,,Right,Visual,HA,d,4,,,,,,,Right,3,14.57,,
65,Touch,B,AOMIgen,Yes,60,,,,,Right,Visual,FT,nd,4,,,,,,,,,,,
65,Touch,B,AOMIgen,Yes,60,,,,,Right,Visual,HA,nd,5,,,,,,,,,,,
65,Touch,B,AOMIgen,Yes,60,,,,,Right,Visual,FT,d,4,,,,,,,,,,,
65,Touch,B,AOMIgen,Yes,60,,,,,Right,Kinesthetic,FSF,nd,4,,,,,,,,,,,
65,Touch,B,AOMIgen,Yes,60,,,,,Right,Kinesthetic,TFT,d,5,,,,,,,,,,,
65,Touch,B,AOMIgen,Yes,60,,,,,Right,Kinesthetic,FSF,d,4,,,,,,,,,,,
65,Touch,B,AOMIgen,Yes,60,,,,,Right,Kinesthetic,TFT,nd,4,,,,,,,,,,,
65,Touch,B,AOMIgen,Yes,60,,,,,Right,Kinesthetic,FTF,0,5,,,,,,,,,,,
65,Touch,B,AOMIgen,Yes,60,,,,,Right,Kinesthetic,HA,d,4,,,,,,,,,,,
65,Touch,B,AOMIgen,Yes,60,,,,,Right,Kinesthetic,FT,nd,4,,,,,,,,,,,
65,Touch,B,AOMIgen,Yes,60,,,,,Right,Kinesthetic,HA,nd,5,,,,,,,,,,,
65,Touch,B,AOMIgen,Yes,60,,,,,Right,Kinesthetic,FT,d,5,,,,,,,,,,,
67,HP,A,AOMIspec,Yes,10,Writing,Always right,100,100,Right,Visual,FSF,nd,4,19,19,41,15,11,30,Left,1,23.8,19.71333333,29.61666667
67,HP,A,AOMIspec,Yes,10,Throwing,Always right,100,,Right,Visual,TFT,d,5,,,,,,,Left,2,34.31,,
67,HP,A,AOMIspec,Yes,10,Toothbrushing,Always right,100,,Right,Visual,FSF,d,5,,,,,,,Left,3,30.74,,
67,HP,A,AOMIspec,Yes,10,Spoon,Always right,100,,Right,Visual,TFT,nd,5,,,,,,,Right,1,20.32,,
67,HP,A,AOMIspec,Yes,10,,,,,Right,Visual,FTF,0,3,,,,,,,Right,2,21.24,,
67,HP,A,AOMIspec,Yes,10,,,,,Right,Visual,HA,d,4,,,,,,,Right,3,17.58,,
67,HP,A,AOMIspec,Yes,10,,,,,Right,Visual,FT,nd,5,,,,,,,,,,,
67,HP,A,AOMIspec,Yes,10,,,,,Right,Visual,HA,nd,5,,,,,,,,,,,
67,HP,A,AOMIspec,Yes,10,,,,,Right,Visual,FT,d,5,,,,,,,,,,,
67,HP,A,AOMIspec,Yes,10,,,,,Right,Kinesthetic,FSF,nd,2,,,,,,,,,,,
67,HP,A,AOMIspec,Yes,10,,,,,Right,Kinesthetic,TFT,d,4,,,,,,,,,,,
67,HP,A,AOMIspec,Yes,10,,,,,Right,Kinesthetic,FSF,d,4,,,,,,,,,,,
67,HP,A,AOMIspec,Yes,10,,,,,Right,Kinesthetic,TFT,nd,3,,,,,,,,,,,
67,HP,A,AOMIspec,Yes,10,,,,,Right,Kinesthetic,FTF,0,4,,,,,,,,,,,
67,HP,A,AOMIspec,Yes,10,,,,,Right,Kinesthetic,HA,d,3,,,,,,,,,,,
67,HP,A,AOMIspec,Yes,10,,,,,Right,Kinesthetic,FT,nd,4,,,,,,,,,,,
67,HP,A,AOMIspec,Yes,10,,,,,Right,Kinesthetic,HA,nd,2,,,,,,,,,,,
67,HP,A,AOMIspec,Yes,10,,,,,Right,Kinesthetic,FT,d,4,,,,,,,,,,,
49,Touch,H,AOMIgen,No,0,Writing,Always right,100,75,Right,Visual,FSF,nd,3,14,15,31,7,11,21,Left,1,20.11,18.10333333,18.76
49,Touch,H,AOMIgen,No,0,Throwing,Usually right,50,,Right,Visual,TFT,d,2,,,,,,,Left,2,18.42,,
49,Touch,H,AOMIgen,No,0,Toothbrushing,Usually right,50,,Right,Visual,FSF,d,4,,,,,,,Left,3,17.75,,
49,Touch,H,AOMIgen,No,0,Spoon,Always right,100,,Right,Visual,TFT,nd,4,,,,,,,Right,1,21.06,,
49,Touch,H,AOMIgen,No,0,,,,,Right,Visual,FTF,0,2,,,,,,,Right,2,17.09,,
49,Touch,H,AOMIgen,No,0,,,,,Right,Visual,HA,d,3,,,,,,,Right,3,16.16,,
49,Touch,H,AOMIgen,No,0,,,,,Right,Visual,FT,nd,4,,,,,,,,,,,
49,Touch,H,AOMIgen,No,0,,,,,Right,Visual,HA,nd,4,,,,,,,,,,,
49,Touch,H,AOMIgen,No,0,,,,,Right,Visual,FT,d,5,,,,,,,,,,,
49,Touch,H,AOMIgen,No,0,,,,,Right,Kinesthetic,FSF,nd,3,,,,,,,,,,,
49,Touch,H,AOMIgen,No,0,,,,,Right,Kinesthetic,TFT,d,1,,,,,,,,,,,
49,Touch,H,AOMIgen,No,0,,,,,Right,Kinesthetic,FSF,d,2,,,,,,,,,,,
49,Touch,H,AOMIgen,No,0,,,,,Right,Kinesthetic,TFT,nd,2,,,,,,,,,,,
49,Touch,H,AOMIgen,No,0,,,,,Right,Kinesthetic,FTF,0,3,,,,,,,,,,,
49,Touch,H,AOMIgen,No,0,,,,,Right,Kinesthetic,HA,d,2,,,,,,,,,,,
49,Touch,H,AOMIgen,No,0,,,,,Right,Kinesthetic,FT,nd,3,,,,,,,,,,,
49,Touch,H,AOMIgen,No,0,,,,,Right,Kinesthetic,HA,nd,3,,,,,,,,,,,
49,Touch,H,AOMIgen,No,0,,,,,Right,Kinesthetic,FT,d,2,,,,,,,,,,,
66,Touch,C,AOMIspec,Yes,30,Writing,Always right,100,87.5,Right,Visual,FSF,nd,4,14,13,31,15,11,29,Left,1,19.98,17.90666667,19.70333333
66,Touch,C,AOMIspec,Yes,30,Throwing,Always right,100,,Right,Visual,TFT,d,3,,,,,,,Left,2,20.52,,
66,Touch,C,AOMIspec,Yes,30,Toothbrushing,Usually right,50,,Right,Visual,FSF,d,4,,,,,,,Left,3,18.61,,
66,Touch,C,AOMIspec,Yes,30,Spoon,Always right,100,,Right,Visual,TFT,nd,2,,,,,,,Right,1,19.34,,
66,Touch,C,AOMIspec,Yes,30,,,,,Right,Visual,FTF,0,4,,,,,,,Right,2,16.94,,
66,Touch,C,AOMIspec,Yes,30,,,,,Right,Visual,HA,d,4,,,,,,,Right,3,17.44,,
66,Touch,C,AOMIspec,Yes,30,,,,,Right,Visual,FT,nd,3,,,,,,,,,,,
66,Touch,C,AOMIspec,Yes,30,,,,,Right,Visual,HA,nd,4,,,,,,,,,,,
66,Touch,C,AOMIspec,Yes,30,,,,,Right,Visual,FT,d,3,,,,,,,,,,,
66,Touch,C,AOMIspec,Yes,30,,,,,Right,Kinesthetic,FSF,nd,3,,,,,,,,,,,
66,Touch,C,AOMIspec,Yes,30,,,,,Right,Kinesthetic,TFT,d,4,,,,,,,,,,,
66,Touch,C,AOMIspec,Yes,30,,,,,Right,Kinesthetic,FSF,d,3,,,,,,,,,,,
66,Touch,C,AOMIspec,Yes,30,,,,,Right,Kinesthetic,TFT,nd,2,,,,,,,,,,,
66,Touch,C,AOMIspec,Yes,30,,,,,Right,Kinesthetic,FTF,0,3,,,,,,,,,,,
66,Touch,C,AOMIspec,Yes,30,,,,,Right,Kinesthetic,HA,d,4,,,,,,,,,,,
66,Touch,C,AOMIspec,Yes,30,,,,,Right,Kinesthetic,FT,nd,3,,,,,,,,,,,
66,Touch,C,AOMIspec,Yes,30,,,,,Right,Kinesthetic,HA,nd,3,,,,,,,,,,,
66,Touch,C,AOMIspec,Yes,30,,,,,Right,Kinesthetic,FT,d,4,,,,,,,,,,,
70,Touch,A,AOMIspec,No,0,Writing,Always right,100,87.5,Right,Visual,FSF,nd,4,17,17,36,7,8,18,Left,1,17.55,13.05666667,15.29333333
70,Touch,A,AOMIspec,No,0,Throwing,Usually right,50,,Right,Visual,TFT,d,3,,,,,,,Left,2,14.76,,
70,Touch,A,AOMIspec,No,0,Toothbrushing,Always right,100,,Right,Visual,FSF,d,4,,,,,,,Left,3,13.57,,
70,Touch,A,AOMIspec,No,0,Spoon,Always right,100,,Right,Visual,TFT,nd,4,,,,,,,Right,1,13.02,,
70,Touch,A,AOMIspec,No,0,,,,,Right,Visual,FTF,0,2,,,,,,,Right,2,13.42,,
70,Touch,A,AOMIspec,No,0,,,,,Right,Visual,HA,d,5,,,,,,,Right,3,12.73,,
70,Touch,A,AOMIspec,No,0,,,,,Right,Visual,FT,nd,5,,,,,,,,,,,
70,Touch,A,AOMIspec,No,0,,,,,Right,Visual,HA,nd,4,,,,,,,,,,,
70,Touch,A,AOMIspec,No,0,,,,,Right,Visual,FT,d,5,,,,,,,,,,,
70,Touch,A,AOMIspec,No,0,,,,,Right,Kinesthetic,FSF,nd,2,,,,,,,,,,,
70,Touch,A,AOMIspec,No,0,,,,,Right,Kinesthetic,TFT,d,2,,,,,,,,,,,
70,Touch,A,AOMIspec,No,0,,,,,Right,Kinesthetic,FSF,d,2,,,,,,,,,,,
70,Touch,A,AOMIspec,No,0,,,,,Right,Kinesthetic,TFT,nd,2,,,,,,,,,,,
70,Touch,A,AOMIspec,No,0,,,,,Right,Kinesthetic,FTF,0,3,,,,,,,,,,,
70,Touch,A,AOMIspec,No,0,,,,,Right,Kinesthetic,HA,d,2,,,,,,,,,,,
70,Touch,A,AOMIspec,No,0,,,,,Right,Kinesthetic,FT,nd,2,,,,,,,,,,,
70,Touch,A,AOMIspec,No,0,,,,,Right,Kinesthetic,HA,nd,2,,,,,,,,,,,
70,Touch,A,AOMIspec,No,0,,,,,Right,Kinesthetic,FT,d,1,,,,,,,,,,,
